{
  "_fv": 39,
  "_type": "tool",
  "definition": {
    "renderType": 1,
    "texture": "firereflector_icon",
    "customModelName": "firereflector:default",
    "name": "Fire Reflector",
    "specialInfo": [],
    "creativeTab": {
      "value": "CUSTOM:EnchantedMoon"
    },
    "toolType": "Pickaxe",
    "harvestLevel": 0,
    "efficiency": 0.0,
    "attackSpeed": 1.0,
    "enchantability": 0,
    "damageVsEntity": 0.0,
    "usageCount": 836,
    "blocksAffected": [],
    "hasGlow": false,
    "repairItems": [
      {
        "value": "Items.REDSTONE"
      }
    ],
    "immuneToFire": true,
    "stayInGridWhenCrafting": false,
    "damageOnCrafting": false,
    "onRightClickedInAir": {
      "name": "FireReflectorRightclicked"
    },
    "onRightClickedOnBlock": {
      "name": "FireReflectorRightclicked"
    }
  }
}