{
  "_fv": 43,
  "_type": "command",
  "definition": {
    "commandName": "cookie",
    "permissionLevel": "No requirement",
    "argsxml": "<xml xmlns=\"https://developers.google.com/blockly/xml\"><block type=\"args_start\" deletable=\"false\" x=\"40\" y=\"40\"><next><block type=\"number_min\"><field name=\"name\">count</field><field name=\"min\">0</field><statement name=\"args\"><block type=\"call_procedure\"><field name=\"procedure\">CookieComProc2</field><next><block type=\"entity\"><field name=\"name\">targets</field><field name=\"type\">players</field><statement name=\"args\"><block type=\"call_procedure\"><field name=\"procedure\">CookieComProc</field></block></statement></block></next></block></statement></block></next></block></xml>"
  }
}