{
  "_fv": 43,
  "_type": "tool",
  "definition": {
    "renderType": 1,
    "texture": "cyberkatana_activated_icon",
    "customModelName": "cyberkatana:cyberkatana_activated",
    "name": "Cyberkatana §e(Activated)",
    "specialInfo": [
      "§7⚝──⭒─⭑─⭒──⚝",
      "§oThe §6§oSword§f§o of the §9§oLord of Darkness§f§o imbued",
      "§owith the power of shadows\""
    ],
    "creativeTab": {
      "value": "No creative tab entry"
    },
    "toolType": "Sword",
    "harvestLevel": 1,
    "efficiency": 4.0,
    "attackSpeed": 1.3,
    "enchantability": 2,
    "damageVsEntity": 8.0,
    "usageCount": 0,
    "blocksAffected": [],
    "hasGlow": false,
    "repairItems": [],
    "immuneToFire": false,
    "stayInGridWhenCrafting": false,
    "damageOnCrafting": false,
    "onRightClickedInAir": {
      "name": "CyberkatanaOff"
    },
    "onRightClickedOnBlock": {
      "name": "CyberkatanaOff"
    }
  }
}