{
  "_fv": 43,
  "_type": "overlay",
  "definition": {
    "priority": "NORMAL",
    "components": [
      {
        "type": "label",
        "data": {
          "name": "label_proc_dragon_slayer_damage_count",
          "text": {
            "fixedValue": "",
            "name": "DragonSlayerDamageCount"
          },
          "color": {
            "value": -1,
            "falpha": 0.0
          },
          "x": 1,
          "y": 228
        }
      }
    ],
    "baseTexture": "",
    "overlayTarget": "Ingame",
    "displayCondition": {
      "name": "DragonSlayerOverlayDisplayOverlayIngame"
    },
    "gridSettings": {
      "sx": 18,
      "sy": 18,
      "ox": 11,
      "oy": 15,
      "snapOnGrid": false
    }
  }
}