{
  "_fv": 43,
  "_type": "tool",
  "definition": {
    "renderType": 1,
    "texture": "finssword_icon",
    "customModelName": "finssword:default",
    "name": "Fins Sword",
    "specialInfo": [],
    "creativeTab": {
      "value": "CUSTOM:EnchantedMoon"
    },
    "toolType": "Sword",
    "harvestLevel": 1,
    "efficiency": 0.0,
    "attackSpeed": 0.9,
    "enchantability": 2,
    "damageVsEntity": 10.0,
    "usageCount": 1204,
    "blocksAffected": [],
    "hasGlow": false,
    "repairItems": [],
    "immuneToFire": false,
    "stayInGridWhenCrafting": false,
    "damageOnCrafting": false
  }
}