{
  "_fv": 43,
  "_type": "tool",
  "definition": {
    "renderType": 1,
    "texture": "gods_cadilo_icon",
    "customModelName": "kadilo:default",
    "name": "Gods Cadilo",
    "specialInfo": [],
    "creativeTab": {
      "value": "CUSTOM:EnchantedMoon"
    },
    "toolType": "MultiTool",
    "harvestLevel": 1,
    "efficiency": 4.0,
    "attackSpeed": 1.0,
    "enchantability": 2,
    "damageVsEntity": 4.0,
    "usageCount": 0,
    "blocksAffected": [],
    "hasGlow": false,
    "repairItems": [],
    "immuneToFire": false,
    "stayInGridWhenCrafting": false,
    "damageOnCrafting": false
  }
}