{
  "_fv": 43,
  "_type": "achievement",
  "definition": {
    "achievementName": "Mage Advancement",
    "achievementDescription": "Wow, now u looks like wizard!",
    "achievementIcon": {
      "value": "CUSTOM:MagicCircle"
    },
    "background": "Default",
    "disableDisplay": false,
    "showPopup": true,
    "announceToChat": true,
    "hideIfNotCompleted": false,
    "rewardLoot": [],
    "rewardRecipes": [],
    "rewardFunction": "No function",
    "rewardXP": 0,
    "achievementType": "task",
    "parent": {
      "value": "No parent: root"
    },
    "triggerxml": "<xml xmlns=\"https://developers.google.com/blockly/xml\"><block type=\"custom_trigger\" x=\"36\" y=\"47\"><next><block type=\"advancement_trigger\" deletable=\"false\"></block></next></block></xml>"
  }
}