{
  "_fv": 43,
  "_type": "overlay",
  "definition": {
    "priority": "NORMAL",
    "components": [
      {
        "type": "image",
        "data": {
          "image": "manabar_empry.png",
          "use1Xscale": false,
          "x": 218,
          "y": 113
        }
      },
      {
        "type": "image",
        "data": {
          "image": "mana_full_1.png",
          "use1Xscale": false,
          "displayCondition": {
            "name": "ManaBarProc1"
          },
          "x": 218,
          "y": 113
        }
      },
      {
        "type": "image",
        "data": {
          "image": "mana_full_2.png",
          "use1Xscale": false,
          "displayCondition": {
            "name": "ManaBarProc2"
          },
          "x": 227,
          "y": 113
        }
      },
      {
        "type": "image",
        "data": {
          "image": "mana_full_1.png",
          "use1Xscale": false,
          "displayCondition": {
            "name": "ManaBarProc3"
          },
          "x": 235,
          "y": 113
        }
      },
      {
        "type": "image",
        "data": {
          "image": "mana_full_2.png",
          "use1Xscale": false,
          "displayCondition": {
            "name": "ManaBarProc4"
          },
          "x": 244,
          "y": 113
        }
      },
      {
        "type": "image",
        "data": {
          "image": "mana_full_1.png",
          "use1Xscale": false,
          "displayCondition": {
            "name": "ManaBarProc5"
          },
          "x": 251,
          "y": 113
        }
      },
      {
        "type": "image",
        "data": {
          "image": "mana_full_2.png",
          "use1Xscale": false,
          "displayCondition": {
            "name": "ManaBarProc6"
          },
          "x": 259,
          "y": 113
        }
      },
      {
        "type": "image",
        "data": {
          "image": "mana_full_1.png",
          "use1Xscale": false,
          "displayCondition": {
            "name": "ManaBarProc7"
          },
          "x": 266,
          "y": 113
        }
      },
      {
        "type": "image",
        "data": {
          "image": "mana_full_2.png",
          "use1Xscale": false,
          "displayCondition": {
            "name": "ManaBarProc8"
          },
          "x": 275,
          "y": 113
        }
      },
      {
        "type": "image",
        "data": {
          "image": "mana_full_1.png",
          "use1Xscale": false,
          "displayCondition": {
            "name": "ManaBarProc9"
          },
          "x": 282,
          "y": 113
        }
      },
      {
        "type": "image",
        "data": {
          "image": "mana_full_2.png",
          "use1Xscale": false,
          "displayCondition": {
            "name": "ManaBarProc10"
          },
          "x": 291,
          "y": 113
        }
      },
      {
        "type": "label",
        "data": {
          "name": "label_proc_mana_count",
          "text": {
            "fixedValue": "",
            "name": "ManaCount"
          },
          "color": {
            "value": -1,
            "falpha": 0.0
          },
          "x": 219,
          "y": 102
        }
      }
    ],
    "baseTexture": "",
    "overlayTarget": "Ingame",
    "displayCondition": {
      "name": "ManaBarVisibility"
    },
    "gridSettings": {
      "sx": 18,
      "sy": 18,
      "ox": 13,
      "oy": 15,
      "snapOnGrid": false
    }
  }
}