{
  "_fv": 43,
  "_type": "tool",
  "definition": {
    "renderType": 1,
    "texture": "souleater_icon",
    "customModelName": "souleater:default",
    "name": "Soul Eater",
    "specialInfo": [],
    "creativeTab": {
      "value": "CUSTOM:EnchantedMoon"
    },
    "toolType": "Sword",
    "harvestLevel": 1,
    "efficiency": 0.0,
    "attackSpeed": 1.0,
    "enchantability": 2,
    "damageVsEntity": 8.0,
    "usageCount": 2048,
    "blocksAffected": [],
    "hasGlow": false,
    "repairItems": [
      {
        "value": "Items.IRON_INGOT"
      }
    ],
    "immuneToFire": false,
    "stayInGridWhenCrafting": false,
    "damageOnCrafting": false
  }
}