{
	"format_version": "1.8.0",
	"animations": {
		"idle": {
			"loop": true,
			"animation_length": 6,
			"bones": {
				"armorBody": {
					"rotation": {
						"0.0": {
							"vector": [0, 0, 0]
						},
						"1.5": {
							"vector": [0, 0, 2.5]
						},
						"3.0": {
							"vector": [0, 0, 0]
						},
						"4.5": {
							"vector": [0, 0, -2.5]
						},
						"6.0": {
							"vector": [0, 0, 0],
							"easing": "linear"
						}
					},
					"position": {
						"0.0": {
							"vector": [0, 0, 0]
						},
						"1.5": {
							"vector": [0, -1, 0]
						},
						"3.0": {
							"vector": [0, 0, 0]
						},
						"4.5": {
							"vector": [0, -1, 0]
						},
						"6.0": {
							"vector": [0, 0, 0]
						}
					},
					"scale": {
						"0.0": {
							"vector": [1, 1, 1]
						},
						"1.5": {
							"vector": [0.9, 0.9, 1]
						},
						"3.0": {
							"vector": [1, 1, 1]
						},
						"4.5": {
							"vector": [0.9, 0.9, 1]
						},
						"6.0": {
							"vector": [1, 1, 1]
						}
					}
				}
			},
			"particle_effects": {
				"0.5": {
					"effect": "snowstorm:magic",
					"locator": "locator"
				}
			}
		},
		"cast": {
			"loop": true,
			"particle_effects": {
				"0.0": {
					"effect": "snowstorm:magic",
					"locator": "locator"
				}
			}
		}
	},
	"geckolib_format_version": 2
}