{
	"format_version": "1.8.0",
	"animations": {
		"0": {
			"loop": true,
			"animation_length": 6,
			"bones": {
				"1": {
					"position": {
						"0.0": {
							"vector": [0, 0, 0]
						},
						"1.5": {
							"vector": [0.25, 0.25, 0.25]
						},
						"3.0": {
							"vector": [0, 0, 0]
						},
						"4.5": {
							"vector": [0.25, 0.25, 0.25]
						},
						"6.0": {
							"vector": [0, 0, 0]
						}
					}
				},
				"2": {
					"position": {
						"0.0": {
							"vector": [0, 0, 0]
						},
						"1.5": {
							"vector": [-0.25, -0.25, 0.25]
						},
						"3.0": {
							"vector": [0, 0, 0]
						},
						"4.5": {
							"vector": [-0.25, -0.25, 0.25]
						},
						"6.0": {
							"vector": [0, 0, 0]
						}
					}
				},
				"3": {
					"position": {
						"0.0": {
							"vector": [0, 0, 0]
						},
						"1.5": {
							"vector": [0.25, -0.25, -0.25]
						},
						"3.0": {
							"vector": [0, 0, 0]
						},
						"4.5": {
							"vector": [0.25, -0.25, -0.25]
						},
						"6.0": {
							"vector": [0, 0, 0]
						}
					}
				},
				"4": {
					"position": {
						"0.0": {
							"vector": [0, 0, 0]
						},
						"1.5": {
							"vector": [-0.25, 0.25, -0.25]
						},
						"3.0": {
							"vector": [0, 0, 0]
						},
						"4.5": {
							"vector": [-0.25, 0.25, -0.25]
						},
						"6.0": {
							"vector": [0, 0, 0]
						}
					}
				},
				"5": {
					"position": {
						"0.0": {
							"vector": [0, 0, 0]
						},
						"1.5": {
							"vector": [0.25, -0.25, -0.25]
						},
						"3.0": {
							"vector": [0, 0, 0]
						},
						"4.5": {
							"vector": [0.25, -0.25, -0.25]
						},
						"6.0": {
							"vector": [0, 0, 0]
						}
					}
				},
				"6": {
					"position": {
						"0.0": {
							"vector": [0, 0, 0]
						},
						"1.5": {
							"vector": [-0.25, -0.25, 0.25]
						},
						"3.0": {
							"vector": [0, 0, 0]
						},
						"4.5": {
							"vector": [-0.25, -0.25, 0.25]
						},
						"6.0": {
							"vector": [0, 0, 0]
						}
					}
				},
				"7": {
					"position": {
						"0.0": {
							"vector": [0, 0, 0]
						},
						"1.5": {
							"vector": [0.25, 0.25, 0.25]
						},
						"3.0": {
							"vector": [0, 0, 0]
						},
						"4.5": {
							"vector": [0.25, 0.25, 0.25]
						},
						"6.0": {
							"vector": [0, 0, 0]
						}
					}
				},
				"8": {
					"position": {
						"0.0": {
							"vector": [0, 0, 0]
						},
						"1.5": {
							"vector": [-0.25, 0.25, -0.25]
						},
						"3.0": {
							"vector": [0, 0, 0]
						},
						"4.5": {
							"vector": [-0.25, 0.25, -0.25]
						},
						"6.0": {
							"vector": [0, 0, 0]
						}
					}
				},
				"group": {
					"position": {
						"vector": [0, 0, 0]
					}
				},
				"core": {
					"position": {
						"0.0": {
							"vector": [0, 0, 0]
						},
						"1.5": {
							"vector": [0, -1, 0]
						},
						"3.0": {
							"vector": [0, 0, 0]
						},
						"4.5": {
							"vector": [0, -1, 0],
							"easing": "linear"
						},
						"6.0": {
							"vector": [0, 0, 0]
						}
					},
					"scale": {
						"0.0": {
							"vector": [1.1, 1.1, 1.1]
						},
						"1.5": {
							"vector": [1, 1, 1]
						},
						"3.0": {
							"vector": [1.1, 1.1, 1.1]
						},
						"4.5": {
							"vector": [1, 1, 1]
						},
						"6.0": {
							"vector": [1.1, 1.1, 1.1]
						}
					}
				},
				"Particles": {
					"rotation": {
						"0.0": {
							"vector": [0, 0, 0]
						},
						"6.0": {
							"vector": [0, -360, 0]
						}
					},
					"position": {
						"0.0": {
							"vector": [0, 0, 0]
						},
						"1.5": {
							"vector": [0, -1, 0]
						},
						"3.0": {
							"vector": [0, 0, 0]
						},
						"4.5": {
							"vector": [0, -1, 0]
						},
						"6.0": {
							"vector": [0, 0, 0]
						}
					}
				}
			}
		}
	},
	"geckolib_format_version": 2
}