{
	"credit": "Made with Blockbench",
	"texture_size": [32, 32],
	"textures": {
		"1": "cyberkatana"
	},
	"elements": [
		{
			"from": [7.6, 0.25, 7.3],
			"to": [8.4, 1, 8.75],
			"rotation": {"angle": 0, "axis": "y", "origin": [8.025, 14.53333, 8.17171]},
			"faces": {
				"north": {"uv": [4, 2, 4.375, 2.375], "texture": "#1"},
				"east": {"uv": [3, 3, 3.625, 3.375], "texture": "#1"},
				"south": {"uv": [4.5, 0, 4.875, 0.375], "texture": "#1"},
				"west": {"uv": [3.5, 0, 4.125, 0.375], "texture": "#1"},
				"up": {"uv": [3.875, 1.125, 3.5, 0.5], "texture": "#1"},
				"down": {"uv": [3.875, 1.5, 3.5, 2.125], "texture": "#1"}
			}
		},
		{
			"from": [7.5, 6.2, 6.75],
			"to": [8.55, 6.4, 9.25],
			"rotation": {"angle": 0, "axis": "y", "origin": [8.025, 14.53333, 8.17171]},
			"faces": {
				"north": {"uv": [6, 0, 6.5, 0.125], "texture": "#1"},
				"east": {"uv": [4.5, 2, 5.625, 2.125], "texture": "#1"},
				"south": {"uv": [6, 0.5, 6.5, 0.625], "texture": "#1"},
				"west": {"uv": [4.5, 2.5, 5.625, 2.625], "texture": "#1"},
				"up": {"uv": [3.5, 1.125, 3, 0], "texture": "#1"},
				"down": {"uv": [3.5, 1.5, 3, 2.625], "texture": "#1"}
			}
		},
		{
			"from": [7.85, 6.4, 7.25],
			"to": [8.2, 7.1, 8.75],
			"rotation": {"angle": 0, "axis": "y", "origin": [8.025, 14.53333, 8.17171]},
			"faces": {
				"north": {"uv": [3.5, 6, 3.625, 6.375], "texture": "#1"},
				"east": {"uv": [3.5, 2.5, 4.125, 2.875], "texture": "#1"},
				"south": {"uv": [6, 3.5, 6.125, 3.875], "texture": "#1"},
				"west": {"uv": [4, 0.5, 4.625, 0.875], "texture": "#1"},
				"up": {"uv": [4.625, 5.625, 4.5, 5], "texture": "#1"},
				"down": {"uv": [5.125, 5, 5, 5.625], "texture": "#1"}
			}
		},
		{
			"from": [7.95, 7.1, 7.35],
			"to": [8.15, 7.8, 8.65],
			"rotation": {"angle": 0, "axis": "y", "origin": [8.025, 14.53333, 8.17171]},
			"faces": {
				"north": {"uv": [6, 6, 6.125, 6.25], "texture": "#1"},
				"east": {"uv": [3.5, 4.5, 4, 4.75], "texture": "#1"},
				"south": {"uv": [6.5, 0, 6.625, 0.25], "texture": "#1"},
				"west": {"uv": [4.5, 3.5, 5, 3.75], "texture": "#1"},
				"up": {"uv": [6.125, 1.5, 6, 1], "texture": "#1"},
				"down": {"uv": [6.125, 1.5, 6, 2], "texture": "#1"}
			}
		},
		{
			"from": [8, 7.5, 7.45],
			"to": [8.1, 27, 8.55],
			"rotation": {"angle": 0, "axis": "y", "origin": [8.025, 14.53333, 8.17171]},
			"faces": {
				"north": {"uv": [1, 0, 1.125, 11.25], "texture": "#1"},
				"east": {"uv": [0, 0, 0.5, 11.25], "texture": "#1"},
				"south": {"uv": [1.5, 0, 1.625, 11.25], "texture": "#1"},
				"west": {"uv": [0.5, 0, 1, 11.25], "texture": "#1"},
				"up": {"uv": [5.625, 5.5, 5.5, 5], "texture": "#1"},
				"down": {"uv": [5.625, 5.5, 5.5, 6], "texture": "#1"}
			}
		},
		{
			"from": [8, 27, 8.2],
			"to": [8.1, 28.8, 8.55],
			"rotation": {"angle": 0, "axis": "y", "origin": [8.025, 14.53333, 8.17171]},
			"faces": {
				"north": {"uv": [4.5, 4, 4.625, 4.875], "texture": "#1"},
				"east": {"uv": [5, 0, 5.125, 0.875], "texture": "#1"},
				"south": {"uv": [5, 1, 5.125, 1.875], "texture": "#1"},
				"west": {"uv": [2, 5, 2.125, 5.875], "texture": "#1"},
				"up": {"uv": [6.625, 3.625, 6.5, 3.5], "texture": "#1"},
				"down": {"uv": [4.125, 6.5, 4, 6.625], "texture": "#1"}
			}
		},
		{
			"from": [8.01, 27, 7.9],
			"to": [8.09, 27.75, 8.25],
			"rotation": {"angle": 0, "axis": "y", "origin": [8.025, 14.53333, 8.17171]},
			"faces": {
				"north": {"uv": [5, 3, 5.125, 3.75], "texture": "#1"},
				"east": {"uv": [3.5, 5, 3.625, 5.75], "texture": "#1"},
				"south": {"uv": [4, 5, 4.125, 5.75], "texture": "#1"},
				"west": {"uv": [5, 4, 5.125, 4.75], "texture": "#1"},
				"up": {"uv": [6.625, 4.125, 6.5, 4], "texture": "#1"},
				"down": {"uv": [4.625, 6.5, 4.5, 6.625], "texture": "#1"}
			}
		},
		{
			"from": [7.99, 25.75979, 2.74278],
			"to": [8.11, 27.12979, 3.29278],
			"rotation": {"angle": 22.5, "axis": "x", "origin": [8.025, 14.53333, 8.17171]},
			"faces": {
				"north": {"uv": [5.5, 3, 5.625, 3.625], "texture": "#1"},
				"east": {"uv": [4, 3, 4.25, 3.625], "texture": "#1"},
				"south": {"uv": [5.5, 4, 5.625, 4.625], "texture": "#1"},
				"west": {"uv": [4, 4, 4.25, 4.625], "texture": "#1"},
				"up": {"uv": [6.625, 3.25, 6.5, 3], "texture": "#1"},
				"down": {"uv": [3.625, 6.5, 3.5, 6.75], "texture": "#1"}
			}
		},
		{
			"from": [7.99, 27.05979, 2.74278],
			"to": [8.11, 27.72979, 3.01278],
			"rotation": {"angle": 22.5, "axis": "x", "origin": [8.025, 14.53333, 8.17171]},
			"faces": {
				"north": {"uv": [5.5, 3, 5.625, 3.625], "texture": "#1"},
				"east": {"uv": [4.125, 3, 4.25, 3.625], "texture": "#1"},
				"south": {"uv": [5.5, 4, 5.625, 4.625], "texture": "#1"},
				"west": {"uv": [4, 4, 4.125, 4.625], "texture": "#1"},
				"up": {"uv": [6.625, 3.25, 6.5, 3], "texture": "#1"},
				"down": {"uv": [3.625, 6.5, 3.5, 6.75], "texture": "#1"}
			}
		},
		{
			"from": [7.6, 5.8, 7.25],
			"to": [8.4, 6.2, 8.75],
			"rotation": {"angle": 0, "axis": "y", "origin": [8.025, 14.53333, 8.17171]},
			"faces": {
				"north": {"uv": [2.5, 5, 2.875, 5.25], "texture": "#1"},
				"east": {"uv": [4, 1, 4.625, 1.25], "texture": "#1"},
				"south": {"uv": [3, 5, 3.375, 5.25], "texture": "#1"},
				"west": {"uv": [4, 1.5, 4.625, 1.75], "texture": "#1"},
				"up": {"uv": [3.375, 4.125, 3, 3.5], "texture": "#1"},
				"down": {"uv": [3.875, 3.5, 3.5, 4.125], "texture": "#1"}
			}
		},
		{
			"from": [7.75, 1, 7.4],
			"to": [8.25, 6, 8.6],
			"rotation": {"angle": 0, "axis": "y", "origin": [8.025, 14.53333, 8.17171]},
			"faces": {
				"north": {"uv": [2, 2.5, 2.25, 5], "texture": "#1"},
				"east": {"uv": [2, 0, 2.5, 2.5], "texture": "#1"},
				"south": {"uv": [2.5, 2.5, 2.75, 5], "texture": "#1"},
				"west": {"uv": [2.5, 0, 3, 2.5], "texture": "#1"},
				"up": {"uv": [3.25, 5, 3, 4.5], "texture": "#1"},
				"down": {"uv": [4.75, 3, 4.5, 3.5], "texture": "#1"}
			}
		}
	],
	"display": {
		"thirdperson_righthand": {
			"translation": [0, 3, 0],
			"scale": [1.25, 1.25, 1.25]
		},
		"thirdperson_lefthand": {
			"translation": [0, 3, 0],
			"scale": [1.25, 1.25, 1.25]
		},
		"firstperson_righthand": {
			"translation": [0, 3, 0],
			"scale": [1.25, 1.25, 1.25]
		},
		"firstperson_lefthand": {
			"translation": [0, 3, 0],
			"scale": [1.25, 1.25, 1.25]
		},
		"ground": {
			"rotation": [9.13, 11.51, 102.32],
			"translation": [0, 3.75, 0],
			"scale": [1.5, 1.5, 1.5]
		},
		"gui": {
			"rotation": [-89.54, -45, -85.18],
			"translation": [-3.75, -4, 0]
		},
		"head": {
			"rotation": [0, 0, 90],
			"translation": [-5.75, -6, -7.25],
			"scale": [1.25, 1.25, 1.25]
		},
		"fixed": {
			"rotation": [-90, 38.75, 90],
			"translation": [8, -5.5, -1.5],
			"scale": [1.5, 1.5, 1.5]
		}
	}
}