{
	"credit": "Made with Blockbench",
	"texture_size": [256, 256],
	"textures": {
		"1": "dragonslayer"
	},
	"elements": [
		{
			"from": [7.3, -7.4, 8],
			"to": [8.3, 0, 9],
			"rotation": {"angle": 0, "axis": "y", "origin": [7.7875, 13.5, 8.48847]},
			"faces": {
				"north": {"uv": [8.5, 0, 9, 3.75], "texture": "#1"},
				"east": {"uv": [8.5, 0, 9, 3.75], "texture": "#1"},
				"south": {"uv": [8.5, 0, 9, 3.75], "texture": "#1"},
				"west": {"uv": [8.5, 0, 9, 3.75], "texture": "#1"},
				"up": {"uv": [8.5, 0, 9, 3.75], "texture": "#1"},
				"down": {"uv": [8.5, 0, 9, 3.75], "texture": "#1"}
			}
		},
		{
			"from": [7.05, -1, 7.75],
			"to": [8.55, 0.1, 9.25],
			"rotation": {"angle": 0, "axis": "y", "origin": [7.7875, 13.5, 8.48847]},
			"faces": {
				"north": {"uv": [12.5, 0.5, 13.25, 1], "texture": "#1"},
				"east": {"uv": [9, 4.5, 9.75, 5], "texture": "#1"},
				"south": {"uv": [12.5, 1, 13.25, 1.5], "texture": "#1"},
				"west": {"uv": [9.75, 4.5, 9, 5], "texture": "#1"},
				"up": {"uv": [12.25, 1.75, 11.5, 1], "texture": "#1"},
				"down": {"uv": [12.25, 2, 11.5, 2.75], "texture": "#1"}
			}
		},
		{
			"from": [7.25, -6.7, 7.95],
			"to": [8.35, -0.4, 9.05],
			"rotation": {"angle": 0, "axis": "y", "origin": [7.7875, 13.5, 8.48847]},
			"faces": {
				"north": {"uv": [11, 0, 11.5, 2.625], "texture": "#1"},
				"east": {"uv": [11, 0, 11.5, 2.625], "texture": "#1"},
				"south": {"uv": [11, 0, 11.5, 2.625], "texture": "#1"},
				"west": {"uv": [11, 0, 11.5, 2.625], "texture": "#1"},
				"up": {"uv": [11, 0, 11.5, 2.625], "texture": "#1"},
				"down": {"uv": [11, 0, 11.5, 2.625], "texture": "#1"}
			}
		},
		{
			"from": [7.05, -8.2, 7.75],
			"to": [8.55, -6.7, 9.25],
			"rotation": {"angle": 0, "axis": "y", "origin": [-0.7, 0, -5]},
			"faces": {
				"north": {"uv": [12.5, 2, 13.25, 2.5], "texture": "#1"},
				"east": {"uv": [10.5, 4.5, 11.25, 5], "texture": "#1"},
				"south": {"uv": [12.5, 2.5, 13.25, 3], "texture": "#1"},
				"west": {"uv": [12.5, 3, 13.25, 3.5], "texture": "#1"},
				"up": {"uv": [12.25, 3.75, 11.5, 3], "texture": "#1"},
				"down": {"uv": [8.75, 4, 8, 4.75], "texture": "#1"}
			}
		},
		{
			"from": [6.95, -8.8, 7.65],
			"to": [8.65, -7.8, 9.35],
			"rotation": {"angle": 0, "axis": "y", "origin": [-0.7, 0, -5]},
			"faces": {
				"north": {"uv": [9, 4, 9.875, 4.5], "texture": "#1"},
				"east": {"uv": [10.5, 4, 11.375, 4.5], "texture": "#1"},
				"south": {"uv": [11.5, 4, 12.375, 4.5], "texture": "#1"},
				"west": {"uv": [12.5, 0, 13.375, 0.5], "texture": "#1"},
				"up": {"uv": [11.375, 3.875, 10.5, 3], "texture": "#1"},
				"down": {"uv": [12.375, 0, 11.5, 0.875], "texture": "#1"}
			}
		},
		{
			"from": [7.05, 0.1, 6],
			"to": [8.55, 1, 11],
			"rotation": {"angle": 0, "axis": "y", "origin": [7.7875, 13.5, 8.48847]},
			"faces": {
				"north": {"uv": [5.5, 2.5, 6.25, 3], "texture": "#1"},
				"east": {"uv": [3, 3, 5.5, 3.5], "texture": "#1"},
				"south": {"uv": [3, 5.5, 3.75, 6], "texture": "#1"},
				"west": {"uv": [5.5, 3, 3, 3.5], "texture": "#1"},
				"up": {"uv": [0.75, 4.5, 0, 2], "texture": "#1"},
				"down": {"uv": [2.75, 0, 2, 2.5], "texture": "#1"}
			}
		},
		{
			"from": [7.05, 1, 6.4],
			"to": [8.55, 2, 10.6],
			"rotation": {"angle": 0, "axis": "y", "origin": [7.7875, 13.5, 8.48847]},
			"faces": {
				"north": {"uv": [0, 5.5, 0.75, 6], "texture": "#1"},
				"east": {"uv": [4, 0, 6.125, 0.5], "texture": "#1"},
				"south": {"uv": [1, 5.5, 1.75, 6], "texture": "#1"},
				"west": {"uv": [6.125, 0, 4, 0.5], "texture": "#1"},
				"up": {"uv": [1.75, 4.125, 1, 2], "texture": "#1"},
				"down": {"uv": [2.75, 2.5, 2, 4.625], "texture": "#1"}
			}
		},
		{
			"from": [7.05, 2, 7.25],
			"to": [8.55, 3, 9.75],
			"rotation": {"angle": 0, "axis": "y", "origin": [7.7875, 13.5, 8.48847]},
			"faces": {
				"north": {"uv": [2, 5.5, 2.75, 6], "texture": "#1"},
				"east": {"uv": [0, 4.5, 1.25, 5], "texture": "#1"},
				"south": {"uv": [5.5, 2, 6.25, 2.5], "texture": "#1"},
				"west": {"uv": [1.25, 4.5, 0, 5], "texture": "#1"},
				"up": {"uv": [3.75, 5.25, 3, 4], "texture": "#1"},
				"down": {"uv": [4.75, 4, 4, 5.25], "texture": "#1"}
			}
		},
		{
			"from": [7.35, 0.2, 6.5],
			"to": [8.2, 26.2, 10.5],
			"rotation": {"angle": 0, "axis": "y", "origin": [7.7875, 13.5, 8.48847]},
			"faces": {
				"north": {"uv": [2.5, 8, 2.625, 11.25], "texture": "#1"},
				"east": {"uv": [1.5, 8, 2, 11.25], "texture": "#1"},
				"south": {"uv": [2.625, 8, 2.75, 11.25], "texture": "#1"},
				"west": {"uv": [2, 8, 1.5, 11.25], "texture": "#1"},
				"up": {"uv": [3.375, 11, 3.25, 10.5], "texture": "#1"},
				"down": {"uv": [3.375, 11, 3.25, 11.5], "texture": "#1"}
			}
		},
		{
			"from": [7.35, 25.4, 6.8],
			"to": [8.2, 29.4, 7.8],
			"rotation": {"angle": 22.5, "axis": "x", "origin": [7.775, 26.7, 8.5]},
			"faces": {
				"north": {"uv": [3.5, 10.25, 3.375, 9.75], "rotation": 180, "texture": "#1"},
				"east": {"uv": [3, 9, 3.5, 9.25], "rotation": 90, "texture": "#1"},
				"south": {"uv": [2.625, 11.375, 2.5, 11.875], "texture": "#1"},
				"west": {"uv": [3, 9, 3.5, 9.25], "rotation": 270, "texture": "#1"},
				"up": {"uv": [3.625, 10.375, 3.75, 10.625], "texture": "#1"},
				"down": {"uv": [3.25, 11.5, 3.375, 11.75], "rotation": 180, "texture": "#1"}
			}
		},
		{
			"from": [7.35, 27.2, 7.95],
			"to": [8.2, 29.9, 9.05],
			"rotation": {"angle": 0, "axis": "x", "origin": [7.775, 26.7, 8.5]},
			"faces": {
				"north": {"uv": [3.5, 10.25, 3.375, 9.75], "rotation": 180, "texture": "#1"},
				"east": {"uv": [3, 9, 3.5, 9.25], "rotation": 90, "texture": "#1"},
				"south": {"uv": [2.625, 11.375, 2.5, 11.875], "texture": "#1"},
				"west": {"uv": [3, 9, 3.5, 9.25], "rotation": 270, "texture": "#1"},
				"up": {"uv": [3.625, 10.375, 3.75, 10.625], "texture": "#1"},
				"down": {"uv": [3.25, 11.5, 3.375, 11.75], "rotation": 180, "texture": "#1"}
			}
		},
		{
			"from": [7.35, 26.2, 7.45],
			"to": [8.2, 27.2, 9.55],
			"rotation": {"angle": 0, "axis": "y", "origin": [7.775, 26.7, 8.5]},
			"faces": {
				"north": {"uv": [3.5, 10.25, 3.375, 9.75], "rotation": 180, "texture": "#1"},
				"east": {"uv": [3, 9, 3.5, 9.25], "rotation": 90, "texture": "#1"},
				"south": {"uv": [2.625, 11.375, 2.5, 11.875], "texture": "#1"},
				"west": {"uv": [3, 9, 3.5, 9.25], "rotation": 270, "texture": "#1"},
				"up": {"uv": [3.625, 10.375, 3.75, 10.625], "texture": "#1"},
				"down": {"uv": [3.25, 11.5, 3.375, 11.75], "rotation": 180, "texture": "#1"}
			}
		},
		{
			"from": [7.35, 25.5, 9.2],
			"to": [8.2, 29.5, 10.2],
			"rotation": {"angle": -22.5, "axis": "x", "origin": [7.775, 26.7, 8.5]},
			"faces": {
				"north": {"uv": [3.5, 10.25, 3.375, 9.75], "rotation": 180, "texture": "#1"},
				"east": {"uv": [3, 9, 3.5, 9.25], "rotation": 90, "texture": "#1"},
				"south": {"uv": [2.625, 11.375, 2.5, 11.875], "texture": "#1"},
				"west": {"uv": [3, 9, 3.5, 9.25], "rotation": 270, "texture": "#1"},
				"up": {"uv": [3.625, 10.375, 3.75, 10.625], "texture": "#1"},
				"down": {"uv": [3.25, 11.5, 3.375, 11.75], "rotation": 180, "texture": "#1"}
			}
		},
		{
			"from": [7.6, 29.55, 7.7],
			"to": [7.95, 31.55, 9.3],
			"rotation": {"angle": 0, "axis": "y", "origin": [7.7875, 13.5, 8.48847]},
			"faces": {
				"north": {"uv": [3.375, 11.875, 3.4375, 12], "texture": "#1"},
				"east": {"uv": [3.75, 8.875, 3.9375, 9], "texture": "#1"},
				"south": {"uv": [3.875, 11.375, 3.9375, 11.5], "texture": "#1"},
				"west": {"uv": [3.75, 10.125, 3.9375, 10.25], "texture": "#1"},
				"up": {"uv": [3.9375, 9.3125, 3.875, 9.125], "texture": "#1"},
				"down": {"uv": [3.9375, 9.375, 3.875, 9.5625], "texture": "#1"}
			}
		},
		{
			"from": [6.85, 1, 7.25],
			"to": [8.75, 2, 9.75],
			"rotation": {"angle": 0, "axis": "y", "origin": [7.7875, 13.5, 8.48847]},
			"faces": {
				"north": {"uv": [1.5, 5, 2.5, 5.5], "texture": "#1"},
				"east": {"uv": [4, 2, 5.25, 2.5], "texture": "#1"},
				"south": {"uv": [5, 4, 6, 4.5], "texture": "#1"},
				"west": {"uv": [5.25, 2, 4, 2.5], "texture": "#1"},
				"up": {"uv": [4, 1.25, 3, 0], "texture": "#1"},
				"down": {"uv": [4, 1.5, 3, 2.75], "texture": "#1"}
			}
		},
		{
			"from": [6.85, 0, 6.5],
			"to": [8.75, 1, 10.5],
			"rotation": {"angle": 0, "axis": "y", "origin": [7.7875, 13.5, 8.48847]},
			"faces": {
				"north": {"uv": [5, 4.5, 6, 5], "texture": "#1"},
				"east": {"uv": [4, 1, 6, 1.5], "texture": "#1"},
				"south": {"uv": [5, 5, 6, 5.5], "texture": "#1"},
				"west": {"uv": [6, 1, 4, 1.5], "texture": "#1"},
				"up": {"uv": [1, 2, 0, 0], "texture": "#1"},
				"down": {"uv": [2, 0, 1, 2], "texture": "#1"}
			}
		},
		{
			"from": [7.6, 0.2, 5.5],
			"to": [7.95, 26.2, 11.5],
			"rotation": {"angle": 0, "axis": "y", "origin": [7.7875, 13.5, 8.48847]},
			"faces": {
				"north": {"uv": [2.75, 8, 2.8125, 11.25], "texture": "#1"},
				"east": {"uv": [0, 8, 0.75, 11.25], "texture": "#1"},
				"south": {"uv": [2.875, 8, 2.9375, 11.25], "texture": "#1"},
				"west": {"uv": [0.75, 8, 0, 11.25], "texture": "#1"},
				"up": {"uv": [2.9375, 12.125, 2.875, 11.375], "texture": "#1"},
				"down": {"uv": [3.4375, 10.875, 3.375, 11.625], "texture": "#1"}
			}
		},
		{
			"from": [7.6, 24.06022, 0.81956],
			"to": [7.95, 29.86022, 1.81956],
			"rotation": {"angle": 22.5, "axis": "x", "origin": [7.7875, 13.5, 8.48847]},
			"faces": {
				"north": {"uv": [0.75, 11.3125, 0.9375, 11.9375], "texture": "#1"},
				"east": {"uv": [0.75, 11.3125, 0.9375, 11.9375], "texture": "#1"},
				"south": {"uv": [0.75, 11.3125, 0.9375, 11.9375], "texture": "#1"},
				"west": {"uv": [0.75, 11.3125, 0.9375, 11.9375], "texture": "#1"},
				"up": {"uv": [0.75, 11.3125, 0.9375, 11.9375], "texture": "#1"},
				"down": {"uv": [0.75, 11.3125, 0.9375, 11.9375], "texture": "#1"}
			}
		},
		{
			"from": [7.6, 24.06482, 15.15929],
			"to": [7.95, 29.86482, 16.15929],
			"rotation": {"angle": -22.5, "axis": "x", "origin": [7.7875, 13.5, 8.48847]},
			"faces": {
				"north": {"uv": [2.375, 11.5, 2.4375, 12.25], "texture": "#1"},
				"east": {"uv": [1, 11.25, 1.125, 12], "texture": "#1"},
				"south": {"uv": [3.5, 10.875, 3.5625, 11.625], "texture": "#1"},
				"west": {"uv": [1.125, 11.25, 1.25, 12], "texture": "#1"},
				"up": {"uv": [1.8125, 12, 1.75, 11.875], "texture": "#1"},
				"down": {"uv": [3.9375, 9.75, 3.875, 9.875], "texture": "#1"}
			}
		}
	],
	"display": {
		"thirdperson_righthand": {
			"rotation": [0.08, -5.57, 2.3],
			"translation": [-0.5, 13.5, -1.25],
			"scale": [1.5, 1.5, 1.5]
		},
		"thirdperson_lefthand": {
			"translation": [0.25, 14, -0.5],
			"scale": [1.5, 1.5, 1.5]
		},
		"firstperson_righthand": {
			"rotation": [0.08, 16.93, 2.3],
			"translation": [0.75, 8.75, -1.25]
		},
		"firstperson_lefthand": {
			"rotation": [0.08, 16.93, 2.3],
			"translation": [0.75, 8.75, -1.25]
		},
		"ground": {
			"rotation": [9.13, 11.51, 102.32],
			"translation": [0, 3.75, 0],
			"scale": [1.5, 1.5, 1.5]
		},
		"gui": {
			"rotation": [45.3, 30.59, -63.28],
			"translation": [-1, -1, 0],
			"scale": [0.60352, 0.60352, 0.60352]
		},
		"head": {
			"rotation": [45, 0, 90],
			"translation": [-17.25, -6, -7.25],
			"scale": [1.5, 1.5, 1.5]
		},
		"fixed": {
			"rotation": [-90, 38.75, 90],
			"translation": [0.75, -0.5, -1.5],
			"scale": [1.5, 1.5, 1.5]
		}
	},
	"groups": [
		{
			"name": "Secret Project",
			"origin": [0, 0, 0],
			"color": 0,
			"children": [
				{
					"name": "Dragon Slayer",
					"origin": [0, 0, 0],
					"color": 0,
					"children": [0, 1, 2, 3, 4, 5, 6, 7, 8, 9, 10, 11, 12, 13, 14, 15, 16, 17, 18]
				}
			]
		}
	]
}