{
	"credit": "Made with Blockbench",
	"texture_size": [128, 128],
	"textures": {
		"3": "finssword"
	},
	"elements": [
		{
			"from": [7.6, 27.2, 7.1],
			"to": [9.6, 29.6, 7.8],
			"faces": {
				"north": {"uv": [5.25, 8.625, 5.75, 8], "texture": "#3"},
				"east": {"uv": [5.25, 10.75, 5.375, 11.375], "texture": "#3"},
				"south": {"uv": [5.25, 8, 5.75, 8.625], "texture": "#3"},
				"west": {"uv": [3.25, 13.25, 3.375, 13.875], "texture": "#3"},
				"up": {"uv": [4, 13.375, 3.5, 13.25], "texture": "#3"},
				"down": {"uv": [5.75, 11.5, 5.25, 11.625], "texture": "#3"}
			}
		},
		{
			"from": [6.1, 5.1, 7.2],
			"to": [11.1, 26, 7.7],
			"faces": {
				"north": {"uv": [2.5, 8, 1.25, 13.25], "texture": "#3"},
				"east": {"uv": [4.5, 8, 4.625, 13.25], "texture": "#3"},
				"south": {"uv": [1.25, 8, 2.5, 13.25], "texture": "#3"},
				"west": {"uv": [4.75, 8, 4.875, 13.25], "texture": "#3"},
				"up": {"uv": [3.25, 13.375, 2, 13.25], "texture": "#3"},
				"down": {"uv": [6.5, 10.5, 5.25, 10.625], "texture": "#3"}
			}
		},
		{
			"from": [-4.3, 26.4, 7.2],
			"to": [-3.4, 31.9, 7.7],
			"rotation": {"angle": -22.5, "axis": "z", "origin": [0, 0, 0]},
			"faces": {
				"north": {"uv": [5, 8, 5.25, 9.375], "texture": "#3"},
				"east": {"uv": [5.25, 9, 5.375, 10.375], "texture": "#3"},
				"south": {"uv": [5, 9.5, 5.25, 10.875], "texture": "#3"},
				"west": {"uv": [1.25, 13.25, 1.375, 14.625], "texture": "#3"},
				"up": {"uv": [5.5, 11.875, 5.25, 11.75], "texture": "#3"},
				"down": {"uv": [4.25, 13.25, 4, 13.375], "texture": "#3"}
			}
		},
		{
			"from": [19.2, 19.8, 7.2],
			"to": [20.2, 25.3, 7.7],
			"rotation": {"angle": 22.5, "axis": "z", "origin": [0, 0, 0]},
			"faces": {
				"north": {"uv": [5, 11, 5.25, 12.375], "texture": "#3"},
				"east": {"uv": [1.5, 13.25, 1.625, 14.625], "texture": "#3"},
				"south": {"uv": [5, 12.5, 5.25, 13.875], "texture": "#3"},
				"west": {"uv": [1.75, 13.25, 1.875, 14.625], "texture": "#3"},
				"up": {"uv": [5.5, 12.125, 5.25, 12], "texture": "#3"},
				"down": {"uv": [4.5, 13.25, 4.25, 13.375], "texture": "#3"}
			}
		},
		{
			"from": [7.1, 6, 6.9],
			"to": [10.1, 27.2, 8],
			"faces": {
				"north": {"uv": [2.5, 8, 3.25, 13.25], "texture": "#3"},
				"east": {"uv": [4, 8, 4.25, 13.25], "texture": "#3"},
				"south": {"uv": [3.25, 8, 4, 13.25], "texture": "#3"},
				"west": {"uv": [4.25, 8, 4.5, 13.25], "texture": "#3"},
				"up": {"uv": [1.25, 13.5, 0.5, 13.25], "texture": "#3"},
				"down": {"uv": [6, 8.75, 5.25, 9], "texture": "#3"}
			}
		},
		{
			"from": [8, -1, 7.1],
			"to": [9, 6, 7.8],
			"faces": {
				"north": {"uv": [9.5, 2.5, 9.75, 4.25], "texture": "#3"},
				"east": {"uv": [9.25, 3.75, 9.375, 5.5], "texture": "#3"},
				"south": {"uv": [9.75, 2.5, 9.5, 4.25], "texture": "#3"},
				"west": {"uv": [11.75, 1.5, 11.875, 3.25], "texture": "#3"},
				"up": {"uv": [12.5, 2.375, 12.25, 2.25], "texture": "#3"},
				"down": {"uv": [12.5, 2.5, 12.25, 2.625], "texture": "#3"}
			}
		},
		{
			"from": [1.5, 1.5, 6.9],
			"to": [2.5, 3.5, 8.1],
			"faces": {
				"north": {"uv": [12, 0, 12.25, 0.5], "texture": "#3"},
				"east": {"uv": [8.25, 4, 8.5, 4.5], "texture": "#3"},
				"south": {"uv": [12, 0.5, 12.25, 1], "texture": "#3"},
				"west": {"uv": [12, 1, 12.25, 1.5], "texture": "#3"},
				"up": {"uv": [12.25, 3.75, 12, 3.5], "texture": "#3"},
				"down": {"uv": [12.25, 3.75, 12, 4], "texture": "#3"}
			}
		},
		{
			"from": [8, -8, 7.2],
			"to": [9, -0.9, 7.8],
			"faces": {
				"north": {"uv": [10, 2.5, 10.25, 4.25], "texture": "#3"},
				"east": {"uv": [11.75, 3.25, 11.875, 5], "texture": "#3"},
				"south": {"uv": [10.25, 2.5, 10.5, 4.25], "texture": "#3"},
				"west": {"uv": [8, 4, 8.125, 5.75], "texture": "#3"},
				"up": {"uv": [11, 4.375, 10.75, 4.25], "texture": "#3"},
				"down": {"uv": [12.5, 2.75, 12.25, 2.875], "texture": "#3"}
			}
		},
		{
			"from": [1, 2, 7],
			"to": [16, 3, 8],
			"faces": {
				"north": {"uv": [8, 1.5, 11.75, 1.75], "texture": "#3"},
				"east": {"uv": [12, 4, 12.25, 4.25], "texture": "#3"},
				"south": {"uv": [8, 1.75, 11.75, 1.5], "texture": "#3"},
				"west": {"uv": [12.25, 0, 12.5, 0.25], "texture": "#3"},
				"up": {"uv": [11.75, 2.25, 8, 2], "texture": "#3"},
				"down": {"uv": [11.75, 2.25, 8, 2.5], "texture": "#3"}
			}
		},
		{
			"from": [14.5, 1.5, 6.9],
			"to": [15.5, 3.5, 8.1],
			"faces": {
				"north": {"uv": [12, 1.5, 12.25, 2], "texture": "#3"},
				"east": {"uv": [12, 2, 12.25, 2.5], "texture": "#3"},
				"south": {"uv": [10.5, 4, 10.75, 4.5], "texture": "#3"},
				"west": {"uv": [12, 2.5, 12.25, 3], "texture": "#3"},
				"up": {"uv": [12.5, 0.5, 12.25, 0.25], "texture": "#3"},
				"down": {"uv": [12.5, 0.5, 12.25, 0.75], "texture": "#3"}
			}
		},
		{
			"from": [10.1, -7, 7],
			"to": [11.4, -1, 7.9],
			"rotation": {"angle": 45, "axis": "z", "origin": [0, 0, 0]},
			"faces": {
				"north": {"uv": [8, 2.5, 8.375, 4], "texture": "#3"},
				"east": {"uv": [10.5, 2.5, 10.75, 4], "texture": "#3"},
				"south": {"uv": [8.375, 2.5, 8, 4], "texture": "#3"},
				"west": {"uv": [10.75, 2.5, 11, 4], "texture": "#3"},
				"up": {"uv": [11.125, 4.25, 10.75, 4], "texture": "#3"},
				"down": {"uv": [12.375, 3, 12, 3.25], "texture": "#3"}
			}
		},
		{
			"from": [0.7, 5, 7],
			"to": [2, 10.1, 7.9],
			"rotation": {"angle": -45, "axis": "z", "origin": [0, 0, 0]},
			"faces": {
				"north": {"uv": [8.5, 2.5, 8.875, 3.75], "texture": "#3"},
				"east": {"uv": [8.75, 3.75, 9, 5], "texture": "#3"},
				"south": {"uv": [8.875, 2.5, 8.5, 3.75], "texture": "#3"},
				"west": {"uv": [9, 3.75, 9.25, 5], "texture": "#3"},
				"up": {"uv": [11.625, 4.25, 11.25, 4], "texture": "#3"},
				"down": {"uv": [12.375, 3.25, 12, 3.5], "texture": "#3"}
			}
		},
		{
			"from": [4.7, -7, 7.1],
			"to": [5.7, -1.5, 7.9],
			"rotation": {"angle": 45, "axis": "z", "origin": [0, 0, 0]},
			"faces": {
				"north": {"uv": [11, 0, 11.25, 1.5], "texture": "#3"},
				"east": {"uv": [11, 2.5, 11.25, 4], "texture": "#3"},
				"south": {"uv": [11, 0, 11.25, 1.5], "texture": "#3"},
				"west": {"uv": [11.25, 2.5, 11.5, 4], "texture": "#3"},
				"up": {"uv": [12.5, 1, 12.25, 0.75], "texture": "#3"},
				"down": {"uv": [12.5, 1, 12.25, 1.25], "texture": "#3"}
			}
		},
		{
			"from": [6.3, 5, 7.1],
			"to": [7.3, 10.6, 7.9],
			"rotation": {"angle": -45, "axis": "z", "origin": [0, 0, 0]},
			"faces": {
				"north": {"uv": [11.5, 0, 11.75, 1.375], "texture": "#3"},
				"east": {"uv": [11.5, 2.5, 11.75, 3.875], "texture": "#3"},
				"south": {"uv": [11.5, 0, 11.75, 1.375], "texture": "#3"},
				"west": {"uv": [8.5, 3.75, 8.75, 5.125], "texture": "#3"},
				"up": {"uv": [12.5, 1.5, 12.25, 1.25], "texture": "#3"},
				"down": {"uv": [9.75, 4.25, 9.5, 4.5], "texture": "#3"}
			}
		},
		{
			"from": [5.4, -7, 7.4],
			"to": [10.4, -1.1, 7.5],
			"rotation": {"angle": 45, "axis": "z", "origin": [0, 0, 0]},
			"faces": {
				"north": {"uv": [0, 0, 1.25, 1.5], "texture": "#3"},
				"east": {"uv": [8, 0, 8, 1.5], "texture": "#3"},
				"south": {"uv": [1.25, 0, 2.5, 1.5], "texture": "#3"},
				"west": {"uv": [8, 0, 8, 1.5], "texture": "#3"},
				"up": {"uv": [9.25, 0, 8, 0], "texture": "#3"},
				"down": {"uv": [9.25, 0, 8, 0], "texture": "#3"}
			}
		},
		{
			"from": [7.9, -8, 6.9],
			"to": [9.1, -7, 8.1],
			"faces": {
				"north": {"uv": [12.25, 1.5, 12.5, 1.75], "texture": "#3"},
				"east": {"uv": [9.75, 4.25, 10, 4.5], "texture": "#3"},
				"south": {"uv": [12.25, 1.75, 12.5, 2], "texture": "#3"},
				"west": {"uv": [10, 4.25, 10.25, 4.5], "texture": "#3"},
				"up": {"uv": [12.5, 2.25, 12.25, 2], "texture": "#3"},
				"down": {"uv": [10.5, 4.25, 10.25, 4.5], "texture": "#3"}
			}
		}
	],
	"display": {
		"thirdperson_righthand": {
			"rotation": [0, 79, 0],
			"translation": [0.5, 10.5, 0.5]
		},
		"thirdperson_lefthand": {
			"rotation": [0, 79, 0],
			"translation": [0.5, 10, 0.5]
		},
		"firstperson_righthand": {
			"rotation": [-17.43, -78.48, -17.81],
			"translation": [1.25, 2.75, -2.75]
		},
		"firstperson_lefthand": {
			"rotation": [-17.43, -78.48, -17.81],
			"translation": [1.25, 2.75, -2.75]
		},
		"ground": {
			"rotation": [112, 39, 1],
			"translation": [-1.25, 5, 0]
		},
		"gui": {
			"rotation": [-34.11, -9.22, 140.28],
			"translation": [1.75, 2.25, 0],
			"scale": [0.7, 0.7, 0.7]
		},
		"fixed": {
			"rotation": [0, 0, 46],
			"translation": [1.25, -2.5, -1]
		}
	},
	"groups": [
		{
			"name": "group",
			"origin": [0, 0, 0],
			"color": 0,
			"children": [0, 1, 2, 3, 4]
		},
		{
			"name": "group",
			"origin": [0, 0, 0],
			"color": 0,
			"children": [5, 6, 7, 8, 9, 10, 11, 12, 13, 14, 15]
		}
	]
}