{
	"credit": "Made with Blockbench",
	"texture_size": [32, 32],
	"textures": {
		"4": "Mod/kadilo"
	},
	"elements": [
		{
			"from": [6, 2, 6],
			"to": [9, 4, 9],
			"faces": {
				"north": {"uv": [5, 2.5, 8, 0], "texture": "#4"},
				"east": {"uv": [5, 2.5, 8, 0], "texture": "#4"},
				"south": {"uv": [8, 2.5, 5, 0], "texture": "#4"},
				"west": {"uv": [8, 2.5, 5, 0], "texture": "#4"},
				"up": {"uv": [8, 2.5, 5, 0], "texture": "#4"},
				"down": {"uv": [8, 2.5, 5, 0], "texture": "#4"}
			}
		},
		{
			"from": [6, 4, 6],
			"to": [6.5, 5, 6.5],
			"faces": {
				"north": {"uv": [8, 1.5, 7.5, 0.5], "texture": "#4"},
				"east": {"uv": [8, 1.5, 7.5, 0.5], "texture": "#4"},
				"south": {"uv": [8, 1.5, 7.5, 0.5], "texture": "#4"},
				"west": {"uv": [8, 1.5, 7.5, 0.5], "texture": "#4"},
				"up": {"uv": [8, 1.5, 7.5, 0.5], "texture": "#4"},
				"down": {"uv": [8, 1.5, 7.5, 0.5], "texture": "#4"}
			}
		},
		{
			"from": [6, 4, 8.5],
			"to": [6.5, 5, 9],
			"faces": {
				"north": {"uv": [7.5, 1.5, 7, 2.5], "texture": "#4"},
				"east": {"uv": [7.5, 1.5, 7, 2.5], "texture": "#4"},
				"south": {"uv": [7.5, 1.5, 7, 2.5], "texture": "#4"},
				"west": {"uv": [8, 1.5, 7.5, 2.5], "texture": "#4"},
				"up": {"uv": [7.5, 1.5, 7, 2.5], "texture": "#4"},
				"down": {"uv": [7.5, 1.5, 7, 2.5], "texture": "#4"}
			}
		},
		{
			"from": [8.5, 4, 6],
			"to": [9, 5, 6.5],
			"faces": {
				"north": {"uv": [8, 1.5, 7, 2.5], "texture": "#4"},
				"east": {"uv": [8, 1.5, 7, 2.5], "texture": "#4"},
				"south": {"uv": [8, 1.5, 7, 2.5], "texture": "#4"},
				"west": {"uv": [8, 1.5, 7, 2.5], "texture": "#4"},
				"up": {"uv": [8, 1.5, 7, 2.5], "texture": "#4"},
				"down": {"uv": [8, 1.5, 7, 2.5], "texture": "#4"}
			}
		},
		{
			"from": [8.5, 4, 8.5],
			"to": [9, 5, 9],
			"faces": {
				"north": {"uv": [7, 1, 8, 2.5], "texture": "#4"},
				"east": {"uv": [7, 1, 8, 2.5], "texture": "#4"},
				"south": {"uv": [7, 1, 8, 2.5], "texture": "#4"},
				"west": {"uv": [7, 1, 8, 2.5], "texture": "#4"},
				"up": {"uv": [7, 1, 8, 2.5], "texture": "#4"},
				"down": {"uv": [7, 1, 8, 2.5], "texture": "#4"}
			}
		},
		{
			"from": [6, 5, 6],
			"to": [9, 7, 9],
			"faces": {
				"north": {"uv": [8, 0, 5, 2.5], "texture": "#4"},
				"east": {"uv": [5, 0, 8, 2.5], "texture": "#4"},
				"south": {"uv": [5, 2.5, 8, 0], "texture": "#4"},
				"west": {"uv": [5, 0, 8, 2.5], "texture": "#4"},
				"up": {"uv": [5, 0, 8, 2.5], "texture": "#4"},
				"down": {"uv": [5, 0, 8, 2.5], "texture": "#4"}
			}
		},
		{
			"from": [7.3, 7, 7.3],
			"to": [7.7, 8, 7.7],
			"faces": {
				"north": {"uv": [8, 0, 6.5, 1.5], "texture": "#4"},
				"east": {"uv": [8, 0, 6.5, 1.5], "texture": "#4"},
				"south": {"uv": [8, 0, 6.5, 1.5], "texture": "#4"},
				"west": {"uv": [8, 0, 6.5, 1.5], "texture": "#4"},
				"up": {"uv": [8, 0, 6.5, 1.5], "texture": "#4"},
				"down": {"uv": [8, 0, 6.5, 1.5], "texture": "#4"}
			}
		},
		{
			"from": [4.7, 8, 4.7],
			"to": [10.3, 8.4, 10.3],
			"faces": {
				"north": {"uv": [10, 7, 16, 7.5], "texture": "#4"},
				"east": {"uv": [10, 6, 16, 6.5], "texture": "#4"},
				"south": {"uv": [10, 7.5, 16, 8], "texture": "#4"},
				"west": {"uv": [10, 6.5, 16, 7], "texture": "#4"},
				"up": {"uv": [8, 0, 14, 6], "texture": "#4"},
				"down": {"uv": [8, 6, 14, 0], "texture": "#4"}
			}
		},
		{
			"from": [4.7, 0.6, 4.7],
			"to": [10.3, 1, 10.3],
			"faces": {
				"north": {"uv": [16, 6, 10, 6.5], "texture": "#4"},
				"east": {"uv": [16, 7, 10, 7.5], "texture": "#4"},
				"south": {"uv": [10, 7.5, 16, 8], "texture": "#4"},
				"west": {"uv": [10, 6.5, 16, 7], "texture": "#4"},
				"up": {"uv": [8, 0, 14, 6], "texture": "#4"},
				"down": {"uv": [14, 0, 8, 6], "texture": "#4"}
			}
		},
		{
			"from": [7.2, 1, 7.2],
			"to": [7.8, 2, 7.7],
			"faces": {
				"north": {"uv": [6.75, 0, 8, 2.5], "texture": "#4"},
				"east": {"uv": [6.75, 0, 8, 2.5], "texture": "#4"},
				"south": {"uv": [6.75, 0, 8, 2.5], "texture": "#4"},
				"west": {"uv": [6.75, 0, 8, 2.5], "texture": "#4"},
				"up": {"uv": [6.75, 0, 8, 2.5], "texture": "#4"},
				"down": {"uv": [6.75, 0, 8, 2.5], "texture": "#4"}
			}
		},
		{
			"from": [9.5, 1, 5],
			"to": [10, 8, 5.5],
			"faces": {
				"north": {"uv": [0, 8, 0.2, 11.5], "texture": "#4"},
				"east": {"uv": [0, 8, 0.2, 11.5], "texture": "#4"},
				"south": {"uv": [0, 8, 0.2, 11.5], "texture": "#4"},
				"west": {"uv": [0, 8, 0.2, 11.5], "texture": "#4"},
				"up": {"uv": [0, 8, 0.2, 11.5], "texture": "#4"},
				"down": {"uv": [8, 0, 8.2, 3.5], "texture": "#4"}
			}
		},
		{
			"from": [5, 1, 5],
			"to": [5.5, 8, 5.5],
			"faces": {
				"north": {"uv": [0, 8, 0.5, 11.5], "texture": "#4"},
				"east": {"uv": [0, 8, 0.5, 11.5], "texture": "#4"},
				"south": {"uv": [0, 8, 0.5, 11.5], "texture": "#4"},
				"west": {"uv": [0, 8, 0.5, 11.5], "texture": "#4"},
				"up": {"uv": [0, 8, 0.5, 11.5], "texture": "#4"},
				"down": {"uv": [0, 8, 0.5, 11.5], "texture": "#4"}
			}
		},
		{
			"from": [5, 1, 9.45],
			"to": [5.5, 8, 9.95],
			"faces": {
				"north": {"uv": [0, 8, 0.5, 11.5], "texture": "#4"},
				"east": {"uv": [0, 8, 0.5, 11.5], "texture": "#4"},
				"south": {"uv": [0, 8, 0.5, 11.5], "texture": "#4"},
				"west": {"uv": [0, 8, 0.5, 11.5], "texture": "#4"},
				"up": {"uv": [0, 8, 0.5, 11.5], "texture": "#4"},
				"down": {"uv": [0, 8, 0.5, 11.5], "texture": "#4"}
			}
		},
		{
			"from": [9.5, 1, 9.5],
			"to": [10, 8, 10],
			"faces": {
				"north": {"uv": [0, 8, 0.5, 11.5], "texture": "#4"},
				"east": {"uv": [0, 8, 0.5, 11.5], "texture": "#4"},
				"south": {"uv": [0, 8, 0.5, 11.5], "texture": "#4"},
				"west": {"uv": [0, 8, 0.5, 11.5], "texture": "#4"},
				"up": {"uv": [0.5, 9, 0, 8.5], "texture": "#4"},
				"down": {"uv": [0.5, 8.5, 0, 9], "texture": "#4"}
			}
		},
		{
			"from": [6, 8.1, 6],
			"to": [9, 9, 9],
			"faces": {
				"north": {"uv": [3, 1.5, 0, 2], "texture": "#4"},
				"east": {"uv": [2.5, 0.5, 0, 1], "texture": "#4"},
				"south": {"uv": [3, 1, 0, 1.5], "texture": "#4"},
				"west": {"uv": [2.5, 0, 0, 0.5], "texture": "#4"},
				"up": {"uv": [8, 0, 5, 2.5], "texture": "#4"},
				"down": {"uv": [8, 0, 5, 2.5], "texture": "#4"}
			}
		},
		{
			"from": [7.3, 9.5, 6.7],
			"to": [7.7, 10, 7.3],
			"faces": {
				"north": {"uv": [0, 8, 0.5, 10.5], "texture": "#4"},
				"east": {"uv": [0, 8, 0.5, 10.5], "texture": "#4"},
				"south": {"uv": [0, 8, 0.5, 10.5], "texture": "#4"},
				"west": {"uv": [0, 8, 0.5, 10.5], "texture": "#4"},
				"up": {"uv": [0, 8, 0.5, 10.5], "texture": "#4"},
				"down": {"uv": [0, 8, 0.5, 10.5], "texture": "#4"}
			}
		},
		{
			"from": [7.3, 9.5, 7.7],
			"to": [7.7, 10, 8.3],
			"faces": {
				"north": {"uv": [0, 8, 0.5, 10.5], "texture": "#4"},
				"east": {"uv": [0, 8, 0.5, 10.5], "texture": "#4"},
				"south": {"uv": [0, 8, 0.5, 10.5], "texture": "#4"},
				"west": {"uv": [0, 8, 0.5, 10.5], "texture": "#4"},
				"up": {"uv": [0, 8, 0.5, 10.5], "texture": "#4"},
				"down": {"uv": [0, 8, 0.5, 10.5], "texture": "#4"}
			}
		},
		{
			"from": [7.3, 10, 6.2],
			"to": [7.7, 10.5, 6.8],
			"faces": {
				"north": {"uv": [0, 8, 0.5, 10.5], "texture": "#4"},
				"east": {"uv": [0, 8, 0.5, 10.5], "texture": "#4"},
				"south": {"uv": [0, 8, 0.5, 10.5], "texture": "#4"},
				"west": {"uv": [0, 8, 0.5, 10.5], "texture": "#4"},
				"up": {"uv": [0, 8, 0.5, 10.5], "texture": "#4"},
				"down": {"uv": [0, 8, 0.5, 10.5], "texture": "#4"}
			}
		},
		{
			"from": [7.3, 10, 8.2],
			"to": [7.7, 10.5, 8.8],
			"faces": {
				"north": {"uv": [0, 8, 0.5, 10.5], "texture": "#4"},
				"east": {"uv": [0, 8, 0.5, 10.5], "texture": "#4"},
				"south": {"uv": [0, 8, 0.5, 10.5], "texture": "#4"},
				"west": {"uv": [0, 8, 0.5, 10.5], "texture": "#4"},
				"up": {"uv": [0, 8, 0.5, 10.5], "texture": "#4"},
				"down": {"uv": [0, 8, 0.5, 10.5], "texture": "#4"}
			}
		},
		{
			"from": [7.3, 9, 7.2],
			"to": [7.7, 9.5, 7.8],
			"color": 0,
			"faces": {
				"north": {"uv": [0, 0, 0.3, 0.25], "texture": "#missing"},
				"east": {"uv": [0, 0, 0.3, 0.25], "texture": "#missing"},
				"south": {"uv": [0, 0, 0.3, 0.25], "texture": "#missing"},
				"west": {"uv": [0, 0, 0.3, 0.25], "texture": "#missing"},
				"up": {"uv": [0, 0, 0.3, 0.25], "texture": "#missing"},
				"down": {"uv": [0, 0, 0.3, 0.25], "texture": "#missing"}
			}
		},
		{
			"from": [7.3, 10.5, 5.7],
			"to": [7.7, 11, 6.3],
			"faces": {
				"north": {"uv": [8, 0, 10.5, 2], "texture": "#4"},
				"east": {"uv": [8, 0, 10.5, 2], "texture": "#4"},
				"south": {"uv": [8, 0, 10.5, 2], "texture": "#4"},
				"west": {"uv": [8, 0, 10.5, 2], "texture": "#4"},
				"up": {"uv": [8, 0, 10.5, 2], "texture": "#4"},
				"down": {"uv": [8, 0, 10.5, 2], "texture": "#4"}
			}
		},
		{
			"from": [7.3, 11, 5.7],
			"to": [7.7, 11.5, 6.3],
			"faces": {
				"north": {"uv": [8, 0, 10.5, 2], "texture": "#4"},
				"east": {"uv": [8, 0, 10.5, 2], "texture": "#4"},
				"south": {"uv": [8, 0, 10.5, 2], "texture": "#4"},
				"west": {"uv": [8, 0, 10.5, 2], "texture": "#4"},
				"up": {"uv": [8, 0, 10.5, 2], "texture": "#4"},
				"down": {"uv": [8, 0, 10.5, 2], "texture": "#4"}
			}
		},
		{
			"from": [7.3, 11, 8.7],
			"to": [7.7, 11.5, 9.3],
			"faces": {
				"north": {"uv": [8, 0, 10.5, 2], "texture": "#4"},
				"east": {"uv": [8, 0, 10.5, 2], "texture": "#4"},
				"south": {"uv": [8, 0, 10.5, 2], "texture": "#4"},
				"west": {"uv": [8, 0, 10.5, 2], "texture": "#4"},
				"up": {"uv": [8, 0, 10.5, 2], "texture": "#4"},
				"down": {"uv": [8, 0, 10.5, 2], "texture": "#4"}
			}
		},
		{
			"from": [7.3, 10.5, 8.7],
			"to": [7.7, 11, 9.3],
			"faces": {
				"north": {"uv": [8, 0, 10.5, 2], "texture": "#4"},
				"east": {"uv": [8, 0, 10.5, 2], "texture": "#4"},
				"south": {"uv": [8, 0, 10.5, 2], "texture": "#4"},
				"west": {"uv": [8, 0, 10.5, 2], "texture": "#4"},
				"up": {"uv": [8, 0, 10.5, 2], "texture": "#4"},
				"down": {"uv": [8, 0, 10.5, 2], "texture": "#4"}
			}
		},
		{
			"from": [7.3, 11.5, 8.2],
			"to": [7.7, 12, 8.8],
			"faces": {
				"north": {"uv": [0, 8, 0.5, 10.5], "texture": "#4"},
				"east": {"uv": [0, 8, 0.5, 10.5], "texture": "#4"},
				"south": {"uv": [0, 8, 0.5, 10.5], "texture": "#4"},
				"west": {"uv": [0, 8, 0.5, 10.5], "texture": "#4"},
				"up": {"uv": [0, 8, 0.5, 10.5], "texture": "#4"},
				"down": {"uv": [0, 8, 0.5, 10.5], "texture": "#4"}
			}
		},
		{
			"from": [7.3, 12, 7.7],
			"to": [7.7, 12.5, 8.3],
			"faces": {
				"north": {"uv": [0, 8, 0.5, 10.5], "texture": "#4"},
				"east": {"uv": [0, 8, 0.5, 10.5], "texture": "#4"},
				"south": {"uv": [0, 8, 0.5, 10.5], "texture": "#4"},
				"west": {"uv": [0, 8, 0.5, 10.5], "texture": "#4"},
				"up": {"uv": [0, 8, 0.5, 10.5], "texture": "#4"},
				"down": {"uv": [0, 8, 0.5, 10.5], "texture": "#4"}
			}
		},
		{
			"from": [7.3, 12, 6.7],
			"to": [7.7, 12.5, 7.3],
			"faces": {
				"north": {"uv": [0, 8, 0.5, 10.5], "texture": "#4"},
				"east": {"uv": [0, 8, 0.5, 10.5], "texture": "#4"},
				"south": {"uv": [0, 8, 0.5, 10.5], "texture": "#4"},
				"west": {"uv": [0, 8, 0.5, 10.5], "texture": "#4"},
				"up": {"uv": [0, 8, 0.5, 10.5], "texture": "#4"},
				"down": {"uv": [0, 8, 0.5, 10.5], "texture": "#4"}
			}
		},
		{
			"from": [7.3, 11.5, 6.2],
			"to": [7.7, 12, 6.8],
			"faces": {
				"north": {"uv": [0, 8, 0.5, 10.5], "texture": "#4"},
				"east": {"uv": [0, 8, 0.5, 10.5], "texture": "#4"},
				"south": {"uv": [0, 8, 0.5, 10.5], "texture": "#4"},
				"west": {"uv": [0, 8, 0.5, 10.5], "texture": "#4"},
				"up": {"uv": [0, 8, 0.5, 10.5], "texture": "#4"},
				"down": {"uv": [0, 8, 0.5, 10.5], "texture": "#4"}
			}
		},
		{
			"from": [7.3, 12.5, 7.2],
			"to": [7.7, 13, 7.8],
			"faces": {
				"north": {"uv": [0, 8, 0.5, 10.5], "texture": "#4"},
				"east": {"uv": [0, 8, 0.5, 10.5], "texture": "#4"},
				"south": {"uv": [0, 8, 0.5, 10.5], "texture": "#4"},
				"west": {"uv": [0, 8, 0.5, 10.5], "texture": "#4"},
				"up": {"uv": [0, 8, 0.5, 10.5], "texture": "#4"},
				"down": {"uv": [0, 8, 0.5, 10.5], "texture": "#4"}
			}
		},
		{
			"from": [7.25, 11.85, -1.6],
			"to": [7.75, 13.95, -0.8],
			"rotation": {"angle": 45, "axis": "x", "origin": [0, 0, 0]},
			"faces": {
				"north": {"uv": [8, 0, 10.5, 2], "rotation": 90, "texture": "#4"},
				"east": {"uv": [8, 0, 10.5, 2], "rotation": 90, "texture": "#4"},
				"south": {"uv": [8, 0, 10.5, 2], "rotation": 90, "texture": "#4"},
				"west": {"uv": [8, 0, 10.5, 2], "rotation": 90, "texture": "#4"},
				"up": {"uv": [8, 0, 10.5, 2], "rotation": 90, "texture": "#4"},
				"down": {"uv": [8, 0, 10.5, 2], "rotation": 90, "texture": "#4"}
			}
		},
		{
			"from": [7.25, 3.35, 12.2],
			"to": [7.75, 4.15, 14.3],
			"rotation": {"angle": -45, "axis": "x", "origin": [0, 0, 0]},
			"faces": {
				"north": {"uv": [8, 0, 10.5, 2], "texture": "#4"},
				"east": {"uv": [8, 0, 10.5, 2], "texture": "#4"},
				"south": {"uv": [8, 0, 10.5, 2], "texture": "#4"},
				"west": {"uv": [8, 0, 10.5, 2], "texture": "#4"},
				"up": {"uv": [8, 0, 10.5, 2], "texture": "#4"},
				"down": {"uv": [8, 0, 10.5, 2], "texture": "#4"}
			}
		},
		{
			"from": [7.25, 13.95, -3.8],
			"to": [7.75, 14.75, -1.6],
			"rotation": {"angle": 45, "axis": "x", "origin": [0, 0, 0]},
			"faces": {
				"north": {"uv": [8, 0, 10.5, 2], "texture": "#4"},
				"east": {"uv": [8, 0, 10.5, 2], "texture": "#4"},
				"south": {"uv": [8, 0, 10.5, 2], "texture": "#4"},
				"west": {"uv": [8, 0, 10.5, 2], "texture": "#4"},
				"up": {"uv": [8, 0, 10.5, 2], "texture": "#4"},
				"down": {"uv": [8, 0, 10.5, 2], "texture": "#4"}
			}
		},
		{
			"from": [7.25, 11.35, -3.35],
			"to": [7.75, 12.25, -1.25],
			"rotation": {"angle": 45, "axis": "x", "origin": [0, 0, 0]},
			"faces": {
				"north": {"uv": [8, 0, 10.5, 2], "texture": "#4"},
				"east": {"uv": [8, 0, 10.5, 2], "texture": "#4"},
				"south": {"uv": [8, 0, 10.5, 2], "texture": "#4"},
				"west": {"uv": [8, 0, 10.5, 2], "texture": "#4"},
				"up": {"uv": [8, 0, 10.5, 2], "texture": "#4"},
				"down": {"uv": [8, 0, 10.5, 2], "texture": "#4"}
			}
		}
	],
	"display": {
		"thirdperson_righthand": {
			"rotation": [-64.85, 86.45, 136.04],
			"translation": [0.75, -2.75, -3.5]
		},
		"thirdperson_lefthand": {
			"rotation": [66, 96, 1],
			"translation": [0.5, -3.25, -2.75]
		},
		"firstperson_righthand": {
			"translation": [0, 2, 0]
		},
		"firstperson_lefthand": {
			"translation": [0, 1.75, 0]
		},
		"ground": {
			"translation": [0, 3.75, 0]
		},
		"gui": {
			"rotation": [26, 43, 0],
			"translation": [0.75, 3.25, 0]
		},
		"head": {
			"translation": [0, 14, 0]
		},
		"fixed": {
			"rotation": [0, 90, 0],
			"translation": [0.75, 4.5, -7],
			"scale": [2, 2, 2]
		}
	}
}