{
	"credit": "Made with Blockbench",
	"texture_size": [128, 128],
	"textures": {
		"3": "naginata"
	},
	"elements": [
		{
			"from": [7.3, 17.6, 8.1],
			"to": [7.8, 20.3, 9.7],
			"faces": {
				"north": {"uv": [3, 3, 3.25, 4.25], "texture": "#3"},
				"east": {"uv": [0, 0, 1, 1.25], "texture": "#3"},
				"south": {"uv": [1, 3.5, 1.25, 4.75], "texture": "#3"},
				"west": {"uv": [0.25, 1.5, 1.25, 2.75], "texture": "#3"},
				"up": {"uv": [1.75, 4.75, 1.5, 3.5], "texture": "#3"},
				"down": {"uv": [2.25, 3.5, 2, 4.75], "texture": "#3"}
			}
		},
		{
			"from": [7.4, 17.6, 7.7],
			"to": [7.7, 20.3, 9.6],
			"faces": {
				"north": {"uv": [3, 3, 3.25, 4.25], "texture": "#3"},
				"east": {"uv": [0, 0, 1.25, 1.25], "texture": "#3"},
				"south": {"uv": [1, 3.5, 1.25, 4.75], "texture": "#3"},
				"west": {"uv": [0, 1.5, 1.25, 2.75], "texture": "#3"},
				"up": {"uv": [1.75, 4.75, 1.5, 3.5], "texture": "#3"},
				"down": {"uv": [2.25, 3.5, 2, 4.75], "texture": "#3"}
			}
		},
		{
			"from": [7.4, 20.3, 7.7],
			"to": [7.7, 23.1, 9.6],
			"faces": {
				"north": {"uv": [4.5, 0, 4.75, 0.75], "texture": "#3"},
				"east": {"uv": [1.5, 2, 2.75, 2.75], "texture": "#3"},
				"south": {"uv": [4.5, 1, 4.75, 1.75], "texture": "#3"},
				"west": {"uv": [2.5, 0, 3.75, 0.75], "texture": "#3"},
				"up": {"uv": [2.75, 4.75, 2.5, 3.5], "texture": "#3"},
				"down": {"uv": [3.75, 3, 3.5, 4.25], "texture": "#3"}
			}
		},
		{
			"from": [7.3, 20.3, 8.1],
			"to": [7.8, 23.1, 9.7],
			"faces": {
				"north": {"uv": [4.5, 0, 4.75, 0.75], "texture": "#3"},
				"east": {"uv": [1.5, 2, 2.5, 2.75], "texture": "#3"},
				"south": {"uv": [4.5, 1, 4.75, 1.75], "texture": "#3"},
				"west": {"uv": [2.75, 0, 3.75, 0.75], "texture": "#3"},
				"up": {"uv": [2.75, 4.75, 2.5, 3.5], "texture": "#3"},
				"down": {"uv": [3.75, 3, 3.5, 4.25], "texture": "#3"}
			}
		},
		{
			"from": [7.3, 23.1, 8.2],
			"to": [7.8, 24.9, 9.7],
			"faces": {
				"north": {"uv": [4, 0, 4.25, 1], "texture": "#3"},
				"east": {"uv": [1.5, 0, 2.25, 1], "texture": "#3"},
				"south": {"uv": [0.5, 4, 0.75, 5], "texture": "#3"},
				"west": {"uv": [1.75, 1, 2.5, 2], "texture": "#3"},
				"up": {"uv": [4.25, 2, 4, 1], "texture": "#3"},
				"down": {"uv": [4.25, 2, 4, 3], "texture": "#3"}
			}
		},
		{
			"from": [7.4, 23.1, 7.8],
			"to": [7.7, 24.9, 9.6],
			"faces": {
				"north": {"uv": [4, 0, 4.25, 1], "texture": "#3"},
				"east": {"uv": [1.5, 0, 2.5, 1], "texture": "#3"},
				"south": {"uv": [0.5, 4, 0.75, 5], "texture": "#3"},
				"west": {"uv": [1.5, 1, 2.5, 2], "texture": "#3"},
				"up": {"uv": [4.25, 2, 4, 1], "texture": "#3"},
				"down": {"uv": [4.25, 2, 4, 3], "texture": "#3"}
			}
		},
		{
			"from": [7.3, 24.9, 8.6],
			"to": [7.8, 26.9, 9.7],
			"faces": {
				"north": {"uv": [4, 3, 4.25, 4], "texture": "#3"},
				"east": {"uv": [2.5, 1, 3, 2], "texture": "#3"},
				"south": {"uv": [4, 4, 4.25, 5], "texture": "#3"},
				"west": {"uv": [0.25, 3, 0.75, 4], "texture": "#3"},
				"up": {"uv": [4.75, 2.75, 4.5, 2], "texture": "#3"},
				"down": {"uv": [3.25, 4.5, 3, 5.25], "texture": "#3"}
			}
		},
		{
			"from": [7.4, 24.9, 8.2],
			"to": [7.7, 26.9, 9.6],
			"faces": {
				"north": {"uv": [4, 3, 4.25, 4], "texture": "#3"},
				"east": {"uv": [2.5, 1, 3.25, 2], "texture": "#3"},
				"south": {"uv": [4, 4, 4.25, 5], "texture": "#3"},
				"west": {"uv": [0, 3, 0.75, 4], "texture": "#3"},
				"up": {"uv": [4.75, 2.75, 4.5, 2], "texture": "#3"},
				"down": {"uv": [3.25, 4.5, 3, 5.25], "texture": "#3"}
			}
		},
		{
			"from": [7.3, 26.9, 8.8],
			"to": [7.8, 27.8, 9.7],
			"faces": {
				"north": {"uv": [0, 5, 0.25, 5.5], "texture": "#3"},
				"east": {"uv": [3, 2, 3.5, 2.5], "texture": "#3"},
				"south": {"uv": [5, 0, 5.25, 0.5], "texture": "#3"},
				"west": {"uv": [3.25, 2.5, 3.75, 3], "texture": "#3"},
				"up": {"uv": [4.75, 3.75, 4.5, 3], "texture": "#3"},
				"down": {"uv": [3.75, 4.5, 3.5, 5.25], "texture": "#3"}
			}
		},
		{
			"from": [7.4, 26.9, 8.4],
			"to": [7.7, 27.8, 9.7],
			"faces": {
				"north": {"uv": [0, 5, 0.25, 5.5], "texture": "#3"},
				"east": {"uv": [3, 2, 3.75, 2.5], "texture": "#3"},
				"south": {"uv": [5, 0, 5.25, 0.5], "texture": "#3"},
				"west": {"uv": [3, 2.5, 3.75, 3], "texture": "#3"},
				"up": {"uv": [4.75, 3.75, 4.5, 3], "texture": "#3"},
				"down": {"uv": [3.75, 4.5, 3.5, 5.25], "texture": "#3"}
			}
		},
		{
			"from": [7.3, 27.8, 9.2],
			"to": [7.8, 28.5, 9.7],
			"faces": {
				"north": {"uv": [2.5, 5, 2.75, 5.25], "texture": "#3"},
				"east": {"uv": [0.5, 5, 0.75, 5.25], "texture": "#3"},
				"south": {"uv": [5, 2.5, 5.25, 2.75], "texture": "#3"},
				"west": {"uv": [5.25, 0.5, 5.5, 0.75], "texture": "#3"},
				"up": {"uv": [1, 5.5, 0.75, 5], "texture": "#3"},
				"down": {"uv": [5.25, 1, 5, 1.5], "texture": "#3"}
			}
		},
		{
			"from": [7.4, 27.8, 8.7],
			"to": [7.7, 28.5, 9.7],
			"faces": {
				"north": {"uv": [2.5, 5, 2.75, 5.25], "texture": "#3"},
				"east": {"uv": [0.5, 5, 1, 5.25], "texture": "#3"},
				"south": {"uv": [5, 2.5, 5.25, 2.75], "texture": "#3"},
				"west": {"uv": [5, 0.5, 5.5, 0.75], "texture": "#3"},
				"up": {"uv": [1, 5.5, 0.75, 5], "texture": "#3"},
				"down": {"uv": [5.25, 1, 5, 1.5], "texture": "#3"}
			}
		},
		{
			"from": [7.4, 28.5, 8.9],
			"to": [7.7, 29.2, 9.7],
			"faces": {
				"north": {"uv": [5, 3, 5.25, 3.25], "texture": "#3"},
				"east": {"uv": [1.5, 5, 2, 5.25], "texture": "#3"},
				"south": {"uv": [5, 3.5, 5.25, 3.75], "texture": "#3"},
				"west": {"uv": [5, 1.5, 5.5, 1.75], "texture": "#3"},
				"up": {"uv": [2.25, 5.5, 2, 5], "texture": "#3"},
				"down": {"uv": [5.25, 2, 5, 2.5], "texture": "#3"}
			}
		},
		{
			"name": "Тронешь",
			"from": [7.25, -15.8, 8],
			"to": [7.85, 17, 9],
			"faces": {
				"north": {"uv": [0, 8, 0.25, 12.125], "texture": "#3"},
				"east": {"uv": [0.25, 8, 0.5, 12.125], "texture": "#3"},
				"south": {"uv": [0.5, 8, 0.75, 12.125], "texture": "#3"},
				"west": {"uv": [0.75, 8, 1, 12.125], "texture": "#3"},
				"up": {"uv": [1.25, 8.25, 1, 8], "texture": "#3"},
				"down": {"uv": [1.25, 8.25, 1, 8.5], "texture": "#3"}
			}
		},
		{
			"from": [7.1, 7.2, 7.8],
			"to": [8, 8.6, 9.2],
			"faces": {
				"north": {"uv": [10.5, 3.5, 11, 4.25], "texture": "#3"},
				"east": {"uv": [8.5, 3, 9.25, 3.75], "texture": "#3"},
				"south": {"uv": [12, 0, 12.5, 0.75], "texture": "#3"},
				"west": {"uv": [11, 1, 11.75, 1.75], "texture": "#3"},
				"up": {"uv": [9, 4.75, 8.5, 4], "texture": "#3"},
				"down": {"uv": [9.5, 4, 9, 4.75], "texture": "#3"}
			}
		},
		{
			"from": [7.1, 16.2, 7.6],
			"to": [8, 17.6, 9.4],
			"faces": {
				"north": {"uv": [12, 1, 12.5, 1.75], "texture": "#3"},
				"east": {"uv": [10, 1, 11, 1.75], "texture": "#3"},
				"south": {"uv": [9.5, 4, 10, 4.75], "texture": "#3"},
				"west": {"uv": [9.5, 2, 10.5, 2.75], "texture": "#3"},
				"up": {"uv": [11.5, 4, 11, 3], "texture": "#3"},
				"down": {"uv": [12, 0, 11.5, 1], "texture": "#3"}
			}
		},
		{
			"from": [6.6, 17, 6.6],
			"to": [8.5, 17.6, 10.4],
			"faces": {
				"north": {"uv": [12.5, 0, 13.5, 0.25], "texture": "#3"},
				"east": {"uv": [11.5, 3, 13.5, 3.25], "texture": "#3"},
				"south": {"uv": [12.5, 0.5, 13.5, 0.75], "texture": "#3"},
				"west": {"uv": [11.5, 3.5, 13.5, 3.75], "texture": "#3"},
				"up": {"uv": [9, 2, 8, 0], "texture": "#3"},
				"down": {"uv": [10, 0, 9, 2], "texture": "#3"}
			}
		},
		{
			"from": [7.1, 17.2, 7.1],
			"to": [8, 18.7, 9.9],
			"faces": {
				"north": {"uv": [10, 4, 10.5, 4.75], "texture": "#3"},
				"east": {"uv": [8, 2, 9.5, 2.75], "texture": "#3"},
				"south": {"uv": [12, 2, 12.5, 2.75], "texture": "#3"},
				"west": {"uv": [10, 0, 11.5, 0.75], "texture": "#3"},
				"up": {"uv": [11, 3.5, 10.5, 2], "texture": "#3"},
				"down": {"uv": [8.5, 3, 8, 4.5], "texture": "#3"}
			}
		},
		{
			"from": [7.1, -15.6, 7.8],
			"to": [8, -14.2, 9.2],
			"faces": {
				"north": {"uv": [11, 4, 11.5, 4.75], "texture": "#3"},
				"east": {"uv": [9.5, 3, 10.25, 3.75], "texture": "#3"},
				"south": {"uv": [11.5, 4, 12, 4.75], "texture": "#3"},
				"west": {"uv": [11, 2, 11.75, 2.75], "texture": "#3"},
				"up": {"uv": [12.5, 4.75, 12, 4], "texture": "#3"},
				"down": {"uv": [8.5, 4.5, 8, 5.25], "texture": "#3"}
			}
		},
		{
			"from": [7.2, -16, 7.9],
			"to": [7.9, -15.6, 9.1],
			"faces": {
				"north": {"uv": [12.5, 2.5, 12.75, 2.75], "texture": "#3"},
				"east": {"uv": [12.5, 1, 13, 1.25], "texture": "#3"},
				"south": {"uv": [12.5, 4, 12.75, 4.25], "texture": "#3"},
				"west": {"uv": [12.5, 1.5, 13, 1.75], "texture": "#3"},
				"up": {"uv": [12.75, 2.5, 12.5, 2], "texture": "#3"},
				"down": {"uv": [10.75, 4.5, 10.5, 5], "texture": "#3"}
			}
		}
	],
	"display": {
		"thirdperson_righthand": {
			"rotation": [-0.03, -2.13, 1.08],
			"translation": [0, 8.75, 0]
		},
		"firstperson_lefthand": {
			"translation": [0, 0.25, 0]
		},
		"ground": {
			"rotation": [-75, 97, -30]
		},
		"gui": {
			"rotation": [-127.55, -27.34, -126.94],
			"translation": [0.5, 0.5, 0],
			"scale": [0.5, 0.5, 0.5]
		},
		"head": {
			"rotation": [-180, 0, 0],
			"translation": [0.75, 29.5, 1.5],
			"scale": [2, 2, 2]
		},
		"fixed": {
			"rotation": [-90, 44.25, 90],
			"translation": [-1.25, 0.5, -2]
		}
	},
	"groups": [
		{
			"name": "Ещё раз групу",
			"origin": [0, 0, 0],
			"color": 0,
			"children": [0, 1, 2, 3, 4, 5, 6, 7, 8, 9, 10, 11, 12]
		},
		13,
		{
			"name": "Тебе пизда",
			"origin": [0, 0, 0],
			"color": 0,
			"children": [14, 15, 16, 17, 18, 19]
		}
	]
}