{
	"format_version": "1.12.0",
	"minecraft:geometry": [
		{
			"description": {
				"identifier": "geometry.rune1 - Converted",
				"texture_width": 64,
				"texture_height": 64,
				"visible_bounds_width": 3,
				"visible_bounds_height": 2.5,
				"visible_bounds_offset": [0, 0.75, 0]
			},
			"bones": [
				{
					"name": "group",
					"pivot": [0, 0, 0]
				},
				{
					"name": "Armor",
					"parent": "group",
					"pivot": [0, 0, 0]
				},
				{
					"name": "1",
					"parent": "Armor",
					"pivot": [-0.25, 10.375, -1],
					"cubes": [
						{
							"origin": [2.5, 8.5, -0.5],
							"size": [1, 4.5, 4],
							"uv": {
								"north": {"uv": [37, 16], "uv_size": [1, 4.5]},
								"east": {"uv": [14, 7], "uv_size": [4, 4.5]},
								"south": {"uv": [17, 37], "uv_size": [1, 4.5]},
								"west": {"uv": [9, 14], "uv_size": [4, 4.5]},
								"up": {"uv": [12, 26], "uv_size": [1, 4]},
								"down": {"uv": [40, 4], "uv_size": [1, -4]}
							}
						},
						{
							"origin": [-0.5, 12, -0.5],
							"size": [3, 1, 3],
							"uv": {
								"north": {"uv": [40, 35], "uv_size": [3, 1]},
								"east": {"uv": [37, 40], "uv_size": [3, 1]},
								"south": {"uv": [40, 40], "uv_size": [3, 1]},
								"west": {"uv": [41, 0], "uv_size": [3, 1]},
								"up": {"uv": [35, 0], "uv_size": [3, 3]},
								"down": {"uv": [35, 6], "uv_size": [3, -3]}
							}
						},
						{
							"origin": [-0.5, 8.5, 2.5],
							"size": [3, 4.5, 1],
							"uv": {
								"north": {"uv": [18, 31], "uv_size": [3, 4.5]},
								"east": {"uv": [8, 21], "uv_size": [1, 4.5]},
								"south": {"uv": [31, 21], "uv_size": [3, 4.5]},
								"west": {"uv": [16, 37], "uv_size": [1, 4.5]},
								"up": {"uv": [5, 41], "uv_size": [3, 1]},
								"down": {"uv": [41, 6], "uv_size": [3, -1]}
							}
						}
					]
				},
				{
					"name": "2",
					"parent": "Armor",
					"pivot": [2, 12.66667, -3.16667],
					"cubes": [
						{
							"origin": [2.5, 6.5, -4.5],
							"size": [1, 6.5, 3],
							"uv": {
								"north": {"uv": [32, 36], "uv_size": [1, 6.5]},
								"east": {"uv": [14, 0], "uv_size": [3, 6.5]},
								"south": {"uv": [33, 36], "uv_size": [1, 6.5]},
								"west": {"uv": [6, 14], "uv_size": [3, 6.5]},
								"up": {"uv": [41, 9], "uv_size": [1, 3]},
								"down": {"uv": [41, 18], "uv_size": [1, -3]}
							}
						},
						{
							"origin": [0.5, 12, -3.5],
							"size": [2, 1, 2],
							"uv": {
								"north": {"uv": [4, 42], "uv_size": [2, 1]},
								"east": {"uv": [6, 42], "uv_size": [2, 1]},
								"south": {"uv": [42, 6], "uv_size": [2, 1]},
								"west": {"uv": [42, 7], "uv_size": [2, 1]},
								"up": {"uv": [39, 38], "uv_size": [2, 2]},
								"down": {"uv": [0, 42], "uv_size": [2, -2]}
							}
						},
						{
							"origin": [0.5, 6.5, -4.5],
							"size": [2, 6.5, 1],
							"uv": {
								"north": {"uv": [2, 33], "uv_size": [2, 6.5]},
								"east": {"uv": [20, 36], "uv_size": [1, 6.5]},
								"south": {"uv": [4, 33], "uv_size": [2, 6.5]},
								"west": {"uv": [31, 36], "uv_size": [1, 6.5]},
								"up": {"uv": [42, 10], "uv_size": [2, 1]},
								"down": {"uv": [42, 12], "uv_size": [2, -1]}
							}
						}
					]
				},
				{
					"name": "3",
					"parent": "Armor",
					"pivot": [2, 5.33333, -3.16667],
					"cubes": [
						{
							"origin": [2.5, 2, -4.5],
							"size": [1, 3.5, 3],
							"uv": {
								"north": {"uv": [40, 19], "uv_size": [1, 3.5]},
								"east": {"uv": [33, 7], "uv_size": [3, 3.5]},
								"south": {"uv": [21, 40], "uv_size": [1, 3.5]},
								"west": {"uv": [8, 33], "uv_size": [3, 3.5]},
								"up": {"uv": [41, 19], "uv_size": [1, 3]},
								"down": {"uv": [41, 25], "uv_size": [1, -3]}
							}
						},
						{
							"origin": [0.5, 2, -4.5],
							"size": [2, 3.5, 1],
							"uv": {
								"north": {"uv": [6, 35], "uv_size": [2, 3.5]},
								"east": {"uv": [11, 40], "uv_size": [1, 3.5]},
								"south": {"uv": [27, 35], "uv_size": [2, 3.5]},
								"west": {"uv": [40, 15], "uv_size": [1, 3.5]},
								"up": {"uv": [42, 15], "uv_size": [2, 1]},
								"down": {"uv": [16, 43], "uv_size": [2, -1]}
							}
						},
						{
							"origin": [0.5, 2, -3.5],
							"size": [2, 1, 2],
							"uv": {
								"north": {"uv": [41, 25], "uv_size": [2, 1]},
								"east": {"uv": [41, 26], "uv_size": [2, 1]},
								"south": {"uv": [35, 41], "uv_size": [2, 1]},
								"west": {"uv": [41, 36], "uv_size": [2, 1]},
								"up": {"uv": [37, 38], "uv_size": [2, 2]},
								"down": {"uv": [6, 41], "uv_size": [2, -2]}
							}
						}
					]
				},
				{
					"name": "4",
					"parent": "Armor",
					"pivot": [-0.25, 10.375, -1],
					"cubes": [
						{
							"origin": [2.5, 2, -0.5],
							"size": [1, 5.5, 3],
							"uv": {
								"north": {"uv": [12, 37], "uv_size": [1, 5.5]},
								"east": {"uv": [18, 5], "uv_size": [3, 5.5]},
								"south": {"uv": [13, 37], "uv_size": [1, 5.5]},
								"west": {"uv": [18, 11], "uv_size": [3, 5.5]},
								"up": {"uv": [27, 41], "uv_size": [1, 3]},
								"down": {"uv": [28, 44], "uv_size": [1, -3]}
							}
						},
						{
							"origin": [-0.5, 2, -0.5],
							"size": [3, 1, 3],
							"uv": {
								"north": {"uv": [40, 27], "uv_size": [3, 1]},
								"east": {"uv": [40, 28], "uv_size": [3, 1]},
								"south": {"uv": [40, 29], "uv_size": [3, 1]},
								"west": {"uv": [40, 30], "uv_size": [3, 1]},
								"up": {"uv": [34, 25], "uv_size": [3, 3]},
								"down": {"uv": [34, 31], "uv_size": [3, -3]}
							}
						},
						{
							"origin": [-0.5, 2, 2.5],
							"size": [4, 5.5, 1],
							"uv": {
								"north": {"uv": [0, 6], "uv_size": [4, 5.5]},
								"east": {"uv": [14, 37], "uv_size": [1, 5.5]},
								"south": {"uv": [4, 6], "uv_size": [4, 5.5]},
								"west": {"uv": [15, 37], "uv_size": [1, 5.5]},
								"up": {"uv": [40, 13], "uv_size": [4, 1]},
								"down": {"uv": [40, 15], "uv_size": [4, -1]}
							}
						}
					]
				},
				{
					"name": "5",
					"parent": "Armor",
					"pivot": [-0.25, 10.375, -1],
					"cubes": [
						{
							"origin": [-3.5, 6.5, 2.5],
							"size": [2, 6.5, 1],
							"uv": {
								"north": {"uv": [0, 33], "uv_size": [2, 6.5]},
								"east": {"uv": [11, 33], "uv_size": [1, 6.5]},
								"south": {"uv": [33, 0], "uv_size": [2, 6.5]},
								"west": {"uv": [36, 10], "uv_size": [1, 6.5]},
								"up": {"uv": [42, 8], "uv_size": [2, 1]},
								"down": {"uv": [42, 10], "uv_size": [2, -1]}
							}
						},
						{
							"origin": [-3.5, 12, 0.5],
							"size": [2, 1, 2],
							"uv": {
								"north": {"uv": [41, 39], "uv_size": [2, 1]},
								"east": {"uv": [41, 41], "uv_size": [2, 1]},
								"south": {"uv": [0, 42], "uv_size": [2, 1]},
								"west": {"uv": [2, 42], "uv_size": [2, 1]},
								"up": {"uv": [35, 39], "uv_size": [2, 2]},
								"down": {"uv": [39, 38], "uv_size": [2, -2]}
							}
						},
						{
							"origin": [-4.5, 6.5, 0.5],
							"size": [1, 6.5, 3],
							"uv": {
								"north": {"uv": [18, 36], "uv_size": [1, 6.5]},
								"east": {"uv": [0, 12], "uv_size": [3, 6.5]},
								"south": {"uv": [19, 36], "uv_size": [1, 6.5]},
								"west": {"uv": [3, 12], "uv_size": [3, 6.5]},
								"up": {"uv": [13, 14], "uv_size": [1, 3]},
								"down": {"uv": [25, 43], "uv_size": [1, -3]}
							}
						}
					]
				},
				{
					"name": "6",
					"parent": "Armor",
					"pivot": [-3, 5.33333, 2.16667],
					"cubes": [
						{
							"origin": [-4.5, 2, 0.5],
							"size": [1, 3.5, 3],
							"uv": {
								"north": {"uv": [40, 23], "uv_size": [1, 3.5]},
								"east": {"uv": [33, 11], "uv_size": [3, 3.5]},
								"south": {"uv": [24, 40], "uv_size": [1, 3.5]},
								"west": {"uv": [33, 15], "uv_size": [3, 3.5]},
								"up": {"uv": [29, 41], "uv_size": [1, 3]},
								"down": {"uv": [30, 44], "uv_size": [1, -3]}
							}
						},
						{
							"origin": [-3.5, 2, 2.5],
							"size": [2, 3.5, 1],
							"uv": {
								"north": {"uv": [29, 35], "uv_size": [2, 3.5]},
								"east": {"uv": [22, 40], "uv_size": [1, 3.5]},
								"south": {"uv": [36, 6], "uv_size": [2, 3.5]},
								"west": {"uv": [23, 40], "uv_size": [1, 3.5]},
								"up": {"uv": [42, 16], "uv_size": [2, 1]},
								"down": {"uv": [42, 18], "uv_size": [2, -1]}
							}
						},
						{
							"origin": [-3.5, 2, 0.5],
							"size": [2, 1, 2],
							"uv": {
								"north": {"uv": [37, 41], "uv_size": [2, 1]},
								"east": {"uv": [41, 37], "uv_size": [2, 1]},
								"south": {"uv": [41, 38], "uv_size": [2, 1]},
								"west": {"uv": [39, 41], "uv_size": [2, 1]},
								"up": {"uv": [27, 39], "uv_size": [2, 2]},
								"down": {"uv": [29, 41], "uv_size": [2, -2]}
							}
						}
					]
				},
				{
					"name": "7",
					"parent": "Armor",
					"pivot": [-0.25, 10.375, -1],
					"cubes": [
						{
							"origin": [-4.5, 2, -4.5],
							"size": [1, 5.5, 4],
							"uv": {
								"north": {"uv": [10, 37], "uv_size": [1, 5.5]},
								"east": {"uv": [0, 0], "uv_size": [4, 5.5]},
								"south": {"uv": [37, 10], "uv_size": [1, 5.5]},
								"west": {"uv": [4, 0], "uv_size": [4, 5.5]},
								"up": {"uv": [40, 5], "uv_size": [1, 4]},
								"down": {"uv": [40, 13], "uv_size": [1, -4]}
							}
						},
						{
							"origin": [-3.5, 2, -4.5],
							"size": [3, 5.5, 1],
							"uv": {
								"north": {"uv": [13, 17], "uv_size": [3, 5.5]},
								"east": {"uv": [8, 37], "uv_size": [1, 5.5]},
								"south": {"uv": [16, 17], "uv_size": [3, 5.5]},
								"west": {"uv": [9, 37], "uv_size": [1, 5.5]},
								"up": {"uv": [41, 12], "uv_size": [3, 1]},
								"down": {"uv": [41, 19], "uv_size": [3, -1]}
							}
						},
						{
							"origin": [-3.5, 2, -3.5],
							"size": [3, 1, 3],
							"uv": {
								"north": {"uv": [40, 31], "uv_size": [3, 1]},
								"east": {"uv": [40, 32], "uv_size": [3, 1]},
								"south": {"uv": [40, 33], "uv_size": [3, 1]},
								"west": {"uv": [40, 34], "uv_size": [3, 1]},
								"up": {"uv": [34, 31], "uv_size": [3, 3]},
								"down": {"uv": [34, 37], "uv_size": [3, -3]}
							}
						}
					]
				},
				{
					"name": "8",
					"parent": "Armor",
					"pivot": [-0.25, 10.375, -1],
					"cubes": [
						{
							"origin": [-3.5, 12, -3.5],
							"size": [3, 1, 3],
							"uv": {
								"north": {"uv": [41, 1], "uv_size": [3, 1]},
								"east": {"uv": [2, 41], "uv_size": [3, 1]},
								"south": {"uv": [41, 2], "uv_size": [3, 1]},
								"west": {"uv": [41, 3], "uv_size": [3, 1]},
								"up": {"uv": [21, 35], "uv_size": [3, 3]},
								"down": {"uv": [24, 38], "uv_size": [3, -3]}
							}
						},
						{
							"origin": [-4.5, 8.5, -4.5],
							"size": [4, 4.5, 1],
							"uv": {
								"north": {"uv": [14, 12], "uv_size": [4, 4.5]},
								"east": {"uv": [37, 31], "uv_size": [1, 4.5]},
								"south": {"uv": [17, 0], "uv_size": [4, 4.5]},
								"west": {"uv": [34, 37], "uv_size": [1, 4.5]},
								"up": {"uv": [2, 40], "uv_size": [4, 1]},
								"down": {"uv": [40, 5], "uv_size": [4, -1]}
							}
						},
						{
							"origin": [-4.5, 8.5, -3.5],
							"size": [1, 4.5, 3],
							"uv": {
								"north": {"uv": [37, 21], "uv_size": [1, 4.5]},
								"east": {"uv": [31, 26], "uv_size": [3, 4.5]},
								"south": {"uv": [37, 26], "uv_size": [1, 4.5]},
								"west": {"uv": [31, 31], "uv_size": [3, 4.5]},
								"up": {"uv": [26, 40], "uv_size": [1, 3]},
								"down": {"uv": [41, 9], "uv_size": [1, -3]}
							}
						}
					]
				},
				{
					"name": "core",
					"parent": "group",
					"pivot": [-0.5, 11, -0.5],
					"cubes": [
						{
							"origin": [-2, 4, -2],
							"size": [3, 7, 3],
							"uv": {
								"north": {"uv": [8, 0], "uv_size": [3, 7]},
								"east": {"uv": [8, 7], "uv_size": [3, 7]},
								"south": {"uv": [11, 0], "uv_size": [3, 7]},
								"west": {"uv": [11, 7], "uv_size": [3, 7]},
								"up": {"uv": [34, 19], "uv_size": [3, 3]},
								"down": {"uv": [34, 25], "uv_size": [3, -3]}
							}
						}
					]
				},
				{
					"name": "Particles",
					"parent": "group",
					"pivot": [-0.5, 12.5, -0.5],
					"cubes": [
						{
							"origin": [7.1, 2, -6.4],
							"size": [2, 7, 2],
							"pivot": [7.75, 5.5, -4.5],
							"rotation": [15, -60, 0],
							"uv": {
								"north": {"uv": [0, 19], "uv_size": [2, 7]},
								"east": {"uv": [2, 19], "uv_size": [2, 7]},
								"south": {"uv": [4, 19], "uv_size": [2, 7]},
								"west": {"uv": [9, 19], "uv_size": [2, 7]},
								"up": {"uv": [6, 12], "uv_size": [2, 2]},
								"down": {"uv": [35, 39], "uv_size": [2, -2]}
							}
						},
						{
							"origin": [8, 3, -1],
							"size": [2, 7, 2],
							"pivot": [0, 10.5, 0],
							"rotation": [-159.05898, 40.78947, -149.63881],
							"uv": {
								"north": {"uv": [16, 30], "uv_size": [2, 7]},
								"east": {"uv": [31, 0], "uv_size": [2, 7]},
								"south": {"uv": [31, 7], "uv_size": [2, 7]},
								"west": {"uv": [31, 14], "uv_size": [2, 7]},
								"up": {"uv": [38, 32], "uv_size": [2, 2]},
								"down": {"uv": [38, 36], "uv_size": [2, -2]}
							}
						},
						{
							"origin": [3.59383, 1.90755, -9.70222],
							"size": [2, 7, 2],
							"pivot": [4.54383, 5.40755, -8.60222],
							"rotation": [15, -30, 0],
							"uv": {
								"north": {"uv": [11, 19], "uv_size": [2, 7]},
								"east": {"uv": [19, 17], "uv_size": [2, 7]},
								"south": {"uv": [21, 0], "uv_size": [2, 7]},
								"west": {"uv": [6, 21], "uv_size": [2, 7]},
								"up": {"uv": [37, 36], "uv_size": [2, 2]},
								"down": {"uv": [38, 2], "uv_size": [2, -2]}
							}
						},
						{
							"origin": [-10.31763, 2, -8.36319],
							"size": [2, 7, 2],
							"pivot": [-6.60422, 5.95378, -6.63036],
							"rotation": [15, 60, 0],
							"uv": {
								"north": {"uv": [23, 7], "uv_size": [2, 7]},
								"east": {"uv": [13, 23], "uv_size": [2, 7]},
								"south": {"uv": [23, 14], "uv_size": [2, 7]},
								"west": {"uv": [15, 23], "uv_size": [2, 7]},
								"up": {"uv": [38, 6], "uv_size": [2, 2]},
								"down": {"uv": [38, 10], "uv_size": [2, -2]}
							}
						},
						{
							"origin": [7.70442, 2, 3.65311],
							"size": [2, 7, 2],
							"pivot": [8.70442, 5.5, 4.65311],
							"rotation": [-15, 60, 0],
							"uv": {
								"north": {"uv": [17, 23], "uv_size": [2, 7]},
								"east": {"uv": [23, 21], "uv_size": [2, 7]},
								"south": {"uv": [19, 24], "uv_size": [2, 7]},
								"west": {"uv": [25, 0], "uv_size": [2, 7]},
								"up": {"uv": [38, 10], "uv_size": [2, 2]},
								"down": {"uv": [38, 14], "uv_size": [2, -2]}
							}
						},
						{
							"origin": [-9.59558, 2, 3.65311],
							"size": [2, 7, 2],
							"pivot": [-8.59558, 5.5, 4.65311],
							"rotation": [-15, -60, 0],
							"uv": {
								"north": {"uv": [27, 0], "uv_size": [2, 7]},
								"east": {"uv": [27, 7], "uv_size": [2, 7]},
								"south": {"uv": [27, 14], "uv_size": [2, 7]},
								"west": {"uv": [27, 21], "uv_size": [2, 7]},
								"up": {"uv": [21, 38], "uv_size": [2, 2]},
								"down": {"uv": [38, 24], "uv_size": [2, -2]}
							}
						},
						{
							"origin": [-4.88792, 1.90755, -8.35241],
							"size": [2, 7, 2],
							"pivot": [-6.60422, 5.95378, -6.63036],
							"rotation": [15, 30, 0],
							"uv": {
								"north": {"uv": [21, 7], "uv_size": [2, 7]},
								"east": {"uv": [21, 14], "uv_size": [2, 7]},
								"south": {"uv": [21, 21], "uv_size": [2, 7]},
								"west": {"uv": [23, 0], "uv_size": [2, 7]},
								"up": {"uv": [38, 2], "uv_size": [2, 2]},
								"down": {"uv": [38, 6], "uv_size": [2, -2]}
							}
						},
						{
							"origin": [0, 3, -10.5],
							"size": [2, 7, 2],
							"pivot": [1, 7, -1],
							"rotation": [-22.5, -45, 0],
							"uv": {
								"north": {"uv": [29, 21], "uv_size": [2, 7]},
								"east": {"uv": [29, 28], "uv_size": [2, 7]},
								"south": {"uv": [12, 30], "uv_size": [2, 7]},
								"west": {"uv": [14, 30], "uv_size": [2, 7]},
								"up": {"uv": [38, 28], "uv_size": [2, 2]},
								"down": {"uv": [38, 32], "uv_size": [2, -2]}
							}
						},
						{
							"origin": [-2, 3, 8.5],
							"size": [2, 7, 2],
							"pivot": [-1, 7, 1],
							"rotation": [22.5, -45, 0],
							"uv": {
								"north": {"uv": [27, 28], "uv_size": [2, 7]},
								"east": {"uv": [29, 0], "uv_size": [2, 7]},
								"south": {"uv": [29, 7], "uv_size": [2, 7]},
								"west": {"uv": [29, 14], "uv_size": [2, 7]},
								"up": {"uv": [25, 38], "uv_size": [2, 2]},
								"down": {"uv": [38, 28], "uv_size": [2, -2]}
							}
						},
						{
							"origin": [0, 3, 8.5],
							"size": [2, 7, 2],
							"pivot": [1, 7, 1],
							"rotation": [22.5, 45, 0],
							"uv": {
								"north": {"uv": [6, 28], "uv_size": [2, 7]},
								"east": {"uv": [21, 28], "uv_size": [2, 7]},
								"south": {"uv": [23, 28], "uv_size": [2, 7]},
								"west": {"uv": [25, 28], "uv_size": [2, 7]},
								"up": {"uv": [23, 38], "uv_size": [2, 2]},
								"down": {"uv": [38, 26], "uv_size": [2, -2]}
							}
						},
						{
							"origin": [3.63713, 1.90755, 7.63617],
							"size": [2, 7, 2],
							"pivot": [4.63713, 5.40755, 8.63617],
							"rotation": [-15, 30, 0],
							"uv": {
								"north": {"uv": [2, 26], "uv_size": [2, 7]},
								"east": {"uv": [4, 26], "uv_size": [2, 7]},
								"south": {"uv": [8, 26], "uv_size": [2, 7]},
								"west": {"uv": [10, 26], "uv_size": [2, 7]},
								"up": {"uv": [38, 18], "uv_size": [2, 2]},
								"down": {"uv": [38, 22], "uv_size": [2, -2]}
							}
						},
						{
							"origin": [-5.71287, 1.90755, 7.73617],
							"size": [2, 7, 2],
							"pivot": [-4.51287, 5.40755, 8.73617],
							"rotation": [-15, -30, 0],
							"uv": {
								"north": {"uv": [25, 7], "uv_size": [2, 7]},
								"east": {"uv": [25, 14], "uv_size": [2, 7]},
								"south": {"uv": [25, 21], "uv_size": [2, 7]},
								"west": {"uv": [0, 26], "uv_size": [2, 7]},
								"up": {"uv": [38, 14], "uv_size": [2, 2]},
								"down": {"uv": [38, 18], "uv_size": [2, -2]}
							}
						}
					]
				}
			]
		}
	]
}