{
  "credit": "Made with Blockbench",
  "texture_size": [
    48,
    32
  ],
  "elements": [
    {
      "from": [
        4.25,
        7.25,
        8
      ],
      "to": [
        11.75,
        8,
        9
      ],
      "faces": {
        "north": {
          "uv": [
            0,
            8,
            2.66667,
            8.5
          ],
          "texture": "#6"
        },
        "east": {
          "uv": [
            0,
            10,
            0.33333,
            10.5
          ],
          "texture": "#6"
        },
        "south": {
          "uv": [
            0,
            8.5,
            2.66667,
            9
          ],
          "texture": "#6"
        },
        "west": {
          "uv": [
            0.33333,
            10,
            0.66667,
            10.5
          ],
          "texture": "#6"
        },
        "up": {
          "uv": [
            2.66667,
            9.5,
            0,
            9
          ],
          "texture": "#6"
        },
        "down": {
          "uv": [
            2.66667,
            9.5,
            0,
            10
          ],
          "texture": "#6"
        }
      }
    },
    {
      "from": [
        3.5,
        8,
        8
      ],
      "to": [
        12.5,
        10,
        9
      ],
      "faces": {
        "north": {
          "uv": [
            10.66667,
            0,
            13.66667,
            1
          ],
          "texture": "#6"
        },
        "east": {
          "uv": [
            10.66667,
            3,
            11,
            4
          ],
          "texture": "#6"
        },
        "south": {
          "uv": [
            10.66667,
            1,
            13.66667,
            2
          ],
          "texture": "#6"
        },
        "west": {
          "uv": [
            11,
            3,
            11.33333,
            4
          ],
          "texture": "#6"
        },
        "up": {
          "uv": [
            13.66667,
            2.5,
            10.66667,
            2
          ],
          "texture": "#6"
        },
        "down": {
          "uv": [
            13.66667,
            2.5,
            10.66667,
            3
          ],
          "texture": "#6"
        }
      }
    },
    {
      "from": [
        3,
        9,
        8
      ],
      "to": [
        13,
        30,
        9
      ],
      "faces": {
        "north": {
          "uv": [
            0,
            0,
            3.33333,
            8
          ],
          "texture": "#6"
        },
        "east": {
          "uv": [
            0,
            0,
            0.33333,
            8
          ],
          "texture": "#6"
        },
        "south": {
          "uv": [
            0,
            0,
            3.33333,
            8
          ],
          "texture": "#6"
        },
        "west": {
          "uv": [
            0,
            0,
            0.33333,
            8
          ],
          "texture": "#6"
        },
        "up": {
          "uv": [
            0,
            0,
            3.33333,
            0.5
          ],
          "texture": "#6"
        },
        "down": {
          "uv": [
            0,
            0,
            3.33333,
            0.5
          ],
          "texture": "#6"
        }
      }
    },
    {
      "from": [
        7.5,
        12,
        8
      ],
      "to": [
        8.5,
        13.25,
        9
      ],
      "rotation": {
        "angle": -22.5,
        "axis": "z",
        "origin": [
          0,
          0,
          0
        ]
      },
      "faces": {
        "north": {
          "uv": [
            5.33333,
            8,
            5.66667,
            8.625
          ],
          "texture": "#6"
        },
        "east": {
          "uv": [
            5.33333,
            8,
            5.66667,
            8.625
          ],
          "texture": "#6"
        },
        "south": {
          "uv": [
            5.33333,
            8,
            5.66667,
            8.625
          ],
          "texture": "#6"
        },
        "west": {
          "uv": [
            0,
            0,
            0.33333,
            0.625
          ],
          "texture": "#missing"
        },
        "up": {
          "uv": [
            0,
            0,
            0.33333,
            0.5
          ],
          "texture": "#missing"
        },
        "down": {
          "uv": [
            0,
            0,
            0.33333,
            0.5
          ],
          "texture": "#missing"
        }
      }
    },
    {
      "from": [
        6.25,
        6,
        8
      ],
      "to": [
        7.25,
        7.25,
        9
      ],
      "rotation": {
        "angle": 22.5,
        "axis": "z",
        "origin": [
          0,
          0,
          0
        ]
      },
      "faces": {
        "north": {
          "uv": [
            5.33333,
            8,
            5.66667,
            8.625
          ],
          "texture": "#6"
        },
        "east": {
          "uv": [
            0,
            0,
            0.33333,
            0.625
          ],
          "texture": "#missing"
        },
        "south": {
          "uv": [
            5.33333,
            8,
            5.66667,
            8.625
          ],
          "texture": "#6"
        },
        "west": {
          "uv": [
            5.33333,
            8,
            5.66667,
            8.625
          ],
          "texture": "#6"
        },
        "up": {
          "uv": [
            0,
            0,
            0.33333,
            0.5
          ],
          "texture": "#missing"
        },
        "down": {
          "uv": [
            0,
            0,
            0.33333,
            0.5
          ],
          "texture": "#missing"
        }
      }
    },
    {
      "from": [
        7.5,
        11,
        8
      ],
      "to": [
        8.5,
        12.25,
        9
      ],
      "rotation": {
        "angle": -22.5,
        "axis": "z",
        "origin": [
          0,
          0,
          0
        ]
      },
      "faces": {
        "north": {
          "uv": [
            5.33333,
            8,
            5.66667,
            8.625
          ],
          "texture": "#6"
        },
        "east": {
          "uv": [
            5.33333,
            8,
            5.66667,
            8.625
          ],
          "texture": "#6"
        },
        "south": {
          "uv": [
            5.33333,
            8,
            5.66667,
            8.625
          ],
          "texture": "#6"
        },
        "west": {
          "uv": [
            0,
            0,
            0.33333,
            0.625
          ],
          "texture": "#missing"
        },
        "up": {
          "uv": [
            0,
            0,
            0.33333,
            0.5
          ],
          "texture": "#missing"
        },
        "down": {
          "uv": [
            5.33333,
            8,
            5.66667,
            8.5
          ],
          "texture": "#6"
        }
      }
    },
    {
      "from": [
        6.25,
        5,
        8
      ],
      "to": [
        7.25,
        6.25,
        9
      ],
      "rotation": {
        "angle": 22.5,
        "axis": "z",
        "origin": [
          0,
          0,
          0
        ]
      },
      "faces": {
        "north": {
          "uv": [
            5.33333,
            8,
            5.66667,
            8.625
          ],
          "texture": "#6"
        },
        "east": {
          "uv": [
            0,
            0,
            0.33333,
            0.625
          ],
          "texture": "#missing"
        },
        "south": {
          "uv": [
            5.33333,
            8,
            5.66667,
            8.625
          ],
          "texture": "#6"
        },
        "west": {
          "uv": [
            5.33333,
            8,
            5.66667,
            8.625
          ],
          "texture": "#6"
        },
        "up": {
          "uv": [
            0,
            0,
            0.33333,
            0.5
          ],
          "texture": "#missing"
        },
        "down": {
          "uv": [
            5.33333,
            8,
            5.66667,
            8.5
          ],
          "texture": "#6"
        }
      }
    },
    {
      "from": [
        19.25,
        8,
        7.5
      ],
      "to": [
        21.75,
        10.5,
        8.5
      ],
      "rotation": {
        "angle": 45,
        "axis": "z",
        "origin": [
          0,
          0,
          0
        ]
      },
      "faces": {
        "north": {
          "uv": [
            10.66667,
            8,
            11.5,
            9.25
          ],
          "texture": "#6"
        },
        "east": {
          "uv": [
            10.66667,
            8,
            11,
            9.25
          ],
          "texture": "#6"
        },
        "south": {
          "uv": [
            0,
            0,
            0.83333,
            1.25
          ],
          "texture": "#missing"
        },
        "west": {
          "uv": [
            10.66667,
            8,
            11,
            9.25
          ],
          "texture": "#6"
        },
        "up": {
          "uv": [
            10.66667,
            8,
            11.5,
            8.5
          ],
          "texture": "#6"
        },
        "down": {
          "uv": [
            10.66667,
            8,
            11.5,
            8.5
          ],
          "texture": "#6"
        }
      }
    },
    {
      "from": [
        22,
        6.75,
        7.5
      ],
      "to": [
        23,
        7.75,
        8.5
      ],
      "rotation": {
        "angle": 45,
        "axis": "z",
        "origin": [
          0,
          0,
          0
        ]
      },
      "faces": {
        "north": {
          "uv": [
            10.66667,
            8,
            11,
            8.5
          ],
          "texture": "#6"
        },
        "east": {
          "uv": [
            10.66667,
            8.5,
            11,
            9
          ],
          "texture": "#6"
        },
        "south": {
          "uv": [
            11,
            8,
            11.33333,
            8.5
          ],
          "texture": "#6"
        },
        "west": {
          "uv": [
            11,
            8.5,
            11.33333,
            9
          ],
          "texture": "#6"
        },
        "up": {
          "uv": [
            11,
            9.5,
            10.66667,
            9
          ],
          "texture": "#6"
        },
        "down": {
          "uv": [
            11.66667,
            8,
            11.33333,
            8.5
          ],
          "texture": "#6"
        }
      }
    },
    {
      "from": [
        18,
        10.75,
        7.5
      ],
      "to": [
        19,
        11.75,
        8.5
      ],
      "rotation": {
        "angle": 45,
        "axis": "z",
        "origin": [
          0,
          0,
          0
        ]
      },
      "faces": {
        "north": {
          "uv": [
            10.66667,
            8,
            11,
            8.5
          ],
          "texture": "#6"
        },
        "east": {
          "uv": [
            10.66667,
            8,
            11,
            8.5
          ],
          "texture": "#6"
        },
        "south": {
          "uv": [
            0,
            0,
            0.33333,
            0.5
          ],
          "texture": "#missing"
        },
        "west": {
          "uv": [
            10.66667,
            8,
            11,
            8.5
          ],
          "texture": "#6"
        },
        "up": {
          "uv": [
            10.66667,
            8,
            11,
            8.5
          ],
          "texture": "#6"
        },
        "down": {
          "uv": [
            10.66667,
            8,
            11,
            8.5
          ],
          "texture": "#6"
        }
      }
    },
    {
      "from": [
        30,
        12.25,
        8
      ],
      "to": [
        31,
        13.25,
        9
      ],
      "rotation": {
        "angle": 45,
        "axis": "z",
        "origin": [
          1,
          0,
          0
        ]
      },
      "faces": {
        "north": {
          "uv": [
            5.33333,
            8,
            5.66667,
            8.5
          ],
          "texture": "#6"
        },
        "east": {
          "uv": [
            5.33333,
            8.5,
            5.66667,
            9
          ],
          "texture": "#6"
        },
        "south": {
          "uv": [
            5.66667,
            8,
            6,
            8.5
          ],
          "texture": "#6"
        },
        "west": {
          "uv": [
            5.66667,
            8.5,
            6,
            9
          ],
          "texture": "#6"
        },
        "up": {
          "uv": [
            5.66667,
            9.5,
            5.33333,
            9
          ],
          "texture": "#6"
        },
        "down": {
          "uv": [
            6.33333,
            8,
            6,
            8.5
          ],
          "texture": "#6"
        }
      }
    },
    {
      "from": [
        28.25,
        12.75,
        8
      ],
      "to": [
        29.25,
        13.75,
        9
      ],
      "rotation": {
        "angle": 45,
        "axis": "z",
        "origin": [
          0,
          0,
          0
        ]
      },
      "faces": {
        "north": {
          "uv": [
            5.33333,
            8,
            5.66667,
            8.5
          ],
          "texture": "#6"
        },
        "east": {
          "uv": [
            5.33333,
            8,
            5.66667,
            8.5
          ],
          "texture": "#6"
        },
        "south": {
          "uv": [
            5.33333,
            8,
            5.66667,
            8.5
          ],
          "texture": "#6"
        },
        "west": {
          "uv": [
            0,
            0,
            0.33333,
            0.5
          ],
          "texture": "#missing"
        },
        "up": {
          "uv": [
            5.33333,
            8,
            5.66667,
            8.5
          ],
          "texture": "#6"
        },
        "down": {
          "uv": [
            0,
            0,
            0.33333,
            0.5
          ],
          "texture": "#missing"
        }
      }
    },
    {
      "from": [
        24,
        17,
        8
      ],
      "to": [
        25,
        18,
        9
      ],
      "rotation": {
        "angle": 45,
        "axis": "z",
        "origin": [
          0,
          0,
          0
        ]
      },
      "faces": {
        "north": {
          "uv": [
            5.33333,
            8,
            5.66667,
            8.5
          ],
          "texture": "#6"
        },
        "east": {
          "uv": [
            5.33333,
            8,
            5.66667,
            8.5
          ],
          "texture": "#6"
        },
        "south": {
          "uv": [
            5.33333,
            8,
            5.66667,
            8.5
          ],
          "texture": "#6"
        },
        "west": {
          "uv": [
            5.33333,
            8,
            5.66667,
            8.5
          ],
          "texture": "#6"
        },
        "up": {
          "uv": [
            5.33333,
            8,
            5.66667,
            8.5
          ],
          "texture": "#6"
        },
        "down": {
          "uv": [
            0,
            0,
            0.33333,
            0.5
          ],
          "texture": "#missing"
        }
      }
    },
    {
      "from": [
        25.75,
        14.5,
        7.75
      ],
      "to": [
        28,
        16.75,
        9
      ],
      "rotation": {
        "angle": 45,
        "axis": "z",
        "origin": [
          0,
          0,
          0
        ]
      },
      "faces": {
        "north": {
          "uv": [
            5.33333,
            8,
            5.66667,
            8.5
          ],
          "texture": "#6"
        },
        "east": {
          "uv": [
            5.33333,
            8,
            5.66667,
            8.5
          ],
          "texture": "#6"
        },
        "south": {
          "uv": [
            5.33333,
            8,
            5.66667,
            8.5
          ],
          "texture": "#6"
        },
        "west": {
          "uv": [
            5.33333,
            8,
            5.66667,
            8.5
          ],
          "texture": "#6"
        },
        "up": {
          "uv": [
            5.33333,
            8,
            5.66667,
            8.5
          ],
          "texture": "#6"
        },
        "down": {
          "uv": [
            5.33333,
            8,
            5.66667,
            8.5
          ],
          "texture": "#6"
        }
      }
    },
    {
      "from": [
        23,
        19,
        8
      ],
      "to": [
        24,
        20,
        9
      ],
      "rotation": {
        "angle": 45,
        "axis": "z",
        "origin": [
          1,
          0,
          0
        ]
      },
      "faces": {
        "north": {
          "uv": [
            5.33333,
            8,
            5.66667,
            8.5
          ],
          "texture": "#6"
        },
        "east": {
          "uv": [
            5.33333,
            8,
            5.66667,
            8.5
          ],
          "texture": "#6"
        },
        "south": {
          "uv": [
            5.33333,
            8,
            5.66667,
            8.5
          ],
          "texture": "#6"
        },
        "west": {
          "uv": [
            5.33333,
            8,
            5.66667,
            8.5
          ],
          "texture": "#6"
        },
        "up": {
          "uv": [
            5.33333,
            8,
            5.66667,
            8.5
          ],
          "texture": "#6"
        },
        "down": {
          "uv": [
            0,
            0,
            0.33333,
            0.5
          ],
          "texture": "#missing"
        }
      }
    },
    {
      "from": [
        5.5,
        20,
        9
      ],
      "to": [
        6.25,
        21,
        12.1
      ],
      "faces": {
        "north": {
          "uv": [
            0,
            0,
            0.25,
            0.5
          ],
          "texture": "#missing"
        },
        "east": {
          "uv": [
            0,
            0,
            1.03333,
            0.5
          ],
          "texture": "#6"
        },
        "south": {
          "uv": [
            0,
            0,
            0.25,
            0.5
          ],
          "texture": "#6"
        },
        "west": {
          "uv": [
            0,
            0,
            1.03333,
            0.5
          ],
          "texture": "#6"
        },
        "up": {
          "uv": [
            0,
            0,
            0.25,
            1.55
          ],
          "texture": "#6"
        },
        "down": {
          "uv": [
            0,
            0,
            0.25,
            1.55
          ],
          "texture": "#6"
        }
      }
    },
    {
      "from": [
        5.5,
        20,
        12.1
      ],
      "to": [
        10.25,
        21,
        12.8
      ],
      "faces": {
        "north": {
          "uv": [
            5.33333,
            0,
            7.33333,
            0.5
          ],
          "texture": "#6"
        },
        "east": {
          "uv": [
            5.33333,
            2,
            5.66667,
            2.5
          ],
          "texture": "#6"
        },
        "south": {
          "uv": [
            5.33333,
            0.5,
            7.33333,
            1
          ],
          "texture": "#6"
        },
        "west": {
          "uv": [
            5.66667,
            2,
            6,
            2.5
          ],
          "texture": "#6"
        },
        "up": {
          "uv": [
            7.33333,
            1.5,
            5.33333,
            1
          ],
          "texture": "#6"
        },
        "down": {
          "uv": [
            7.33333,
            1.5,
            5.33333,
            2
          ],
          "texture": "#6"
        }
      }
    },
    {
      "from": [
        9.5,
        20,
        9
      ],
      "to": [
        10.25,
        21,
        12.8
      ],
      "faces": {
        "north": {
          "uv": [
            0,
            0,
            0.25,
            0.5
          ],
          "texture": "#6"
        },
        "east": {
          "uv": [
            0,
            0,
            1.26667,
            0.5
          ],
          "texture": "#6"
        },
        "south": {
          "uv": [
            0,
            0,
            0.25,
            0.5
          ],
          "texture": "#6"
        },
        "west": {
          "uv": [
            0,
            0,
            1.26667,
            0.5
          ],
          "texture": "#6"
        },
        "up": {
          "uv": [
            0,
            0,
            0.25,
            1.9
          ],
          "texture": "#6"
        },
        "down": {
          "uv": [
            0,
            0,
            0.25,
            1.9
          ],
          "texture": "#6"
        }
      }
    },
    {
      "from": [
        23.25,
        12,
        7.5
      ],
      "to": [
        24.25,
        13,
        8.5
      ],
      "rotation": {
        "angle": 45,
        "axis": "z",
        "origin": [
          0,
          0,
          0
        ]
      },
      "faces": {
        "north": {
          "uv": [
            10.66667,
            8,
            11,
            8.5
          ],
          "texture": "#6"
        },
        "east": {
          "uv": [
            10.66667,
            8,
            11,
            8.5
          ],
          "texture": "#6"
        },
        "south": {
          "uv": [
            0,
            0,
            0.33333,
            0.5
          ],
          "texture": "#missing"
        },
        "west": {
          "uv": [
            10.66667,
            8,
            11,
            8.5
          ],
          "texture": "#6"
        },
        "up": {
          "uv": [
            10.66667,
            8,
            11,
            8.5
          ],
          "texture": "#6"
        },
        "down": {
          "uv": [
            10.66667,
            8,
            11,
            8.5
          ],
          "texture": "#6"
        }
      }
    },
    {
      "from": [
        16,
        4.75,
        7.5
      ],
      "to": [
        17,
        5.75,
        8.5
      ],
      "rotation": {
        "angle": 45,
        "axis": "z",
        "origin": [
          0,
          0,
          0
        ]
      },
      "faces": {
        "north": {
          "uv": [
            10.66667,
            8,
            11,
            8.5
          ],
          "texture": "#6"
        },
        "east": {
          "uv": [
            10.66667,
            8,
            11,
            8.5
          ],
          "texture": "#6"
        },
        "south": {
          "uv": [
            0,
            0,
            0.33333,
            0.5
          ],
          "texture": "#missing"
        },
        "west": {
          "uv": [
            10.66667,
            8,
            11,
            8.5
          ],
          "texture": "#6"
        },
        "up": {
          "uv": [
            10.66667,
            8,
            11,
            8.5
          ],
          "texture": "#6"
        },
        "down": {
          "uv": [
            10.66667,
            8,
            11,
            8.5
          ],
          "texture": "#6"
        }
      }
    },
    {
      "from": [
        7.5,
        10.25,
        7.75
      ],
      "to": [
        8.5,
        28.75,
        8.75
      ],
      "faces": {
        "north": {
          "uv": [
            5.33333,
            8,
            5.66667,
            16
          ],
          "texture": "#6"
        },
        "east": {
          "uv": [
            5.33333,
            8,
            5.66667,
            16
          ],
          "texture": "#6"
        },
        "south": {
          "uv": [
            0,
            0,
            0.33333,
            8
          ],
          "texture": "#missing"
        },
        "west": {
          "uv": [
            5.33333,
            8,
            5.66667,
            16
          ],
          "texture": "#6"
        },
        "up": {
          "uv": [
            5.33333,
            8,
            5.66667,
            8.5
          ],
          "texture": "#6"
        },
        "down": {
          "uv": [
            5.33333,
            8,
            5.66667,
            8.5
          ],
          "texture": "#6"
        }
      }
    },
    {
      "from": [
        4,
        20.5,
        7.75
      ],
      "to": [
        12,
        21.5,
        8.75
      ],
      "faces": {
        "north": {
          "uv": [
            5.33333,
            8,
            8,
            8.5
          ],
          "texture": "#6"
        },
        "east": {
          "uv": [
            5.33333,
            8,
            5.66667,
            8.5
          ],
          "texture": "#6"
        },
        "south": {
          "uv": [
            0,
            0,
            2.66667,
            0.5
          ],
          "texture": "#missing"
        },
        "west": {
          "uv": [
            5.33333,
            8,
            5.66667,
            8.5
          ],
          "texture": "#6"
        },
        "up": {
          "uv": [
            5.33333,
            8,
            8,
            8.5
          ],
          "texture": "#6"
        },
        "down": {
          "uv": [
            5.33333,
            8,
            8,
            8.5
          ],
          "texture": "#6"
        }
      }
    }
  ],
  "display": {
    "thirdperson_righthand": {
      "rotation": [
        64.99,
        -0.01,
        4.01
      ],
      "translation": [
        0.5,
        -5.5,
        -12.5
      ],
      "scale": [
        1.25,
        1.25,
        1.25
      ]
    },
    "thirdperson_lefthand": {
      "rotation": [
        64.99,
        -0.01,
        4.01
      ],
      "translation": [
        0.5,
        -5.5,
        -12.5
      ],
      "scale": [
        1.25,
        1.25,
        1.25
      ]
    },
    "firstperson_righthand": {
      "rotation": [
        1,
        -4,
        11
      ],
      "translation": [
        0.25,
        -14,
        2.25
      ],
      "scale": [
        1.12,
        1.1,
        1
      ]
    },
    "firstperson_lefthand": {
      "rotation": [
        1,
        -4,
        11
      ],
      "translation": [
        0.25,
        -14,
        2.25
      ],
      "scale": [
        1.12,
        1.1,
        1
      ]
    },
    "ground": {
      "scale": [
        1.26,
        1.34,
        1
      ]
    },
    "gui": {
      "rotation": [
        0,
        -180,
        36
      ],
      "translation": [
        -4.25,
        -6,
        0
      ],
      "scale": [
        0.67,
        0.67,
        0.68
      ]
    },
    "head": {
      "rotation": [
        0,
        -180,
        27
      ],
      "translation": [
        -7.25,
        -33.5,
        5
      ],
      "scale": [
        1.43,
        1.46,
        1
      ]
    },
    "fixed": {
      "translation": [
        0,
        -7.5,
        -1.75
      ]
    }
  },
  "groups": [
    {
      "name": "Основа",
      "origin": [
        8,
        8,
        8
      ],
      "color": 0,
      "children": [
        0,
        1,
        2,
        3,
        4,
        5,
        6,
        7,
        8,
        9
      ]
    },
    {
      "name": "Шипы",
      "origin": [
        0,
        0,
        0
      ],
      "color": 0,
      "children": [
        10,
        11,
        12,
        13,
        14
      ]
    },
    {
      "name": "Ручка",
      "origin": [
        8,
        8,
        8
      ],
      "color": 0,
      "children": [
        15,
        16,
        17
      ]
    },
    18,
    19,
    20,
    21
  ]
}