{
  "credit": "Made with Blockbench",
  "parent": "builtin/entity",
  "texture_size": [
    64,
    64
  ],
  "display": {
    "thirdperson_righthand": {
      "rotation": [
        -0.25,
        45,
        0
      ],
      "translation": [
        0,
        -1.5,
        1
      ],
      "scale": [
        0.375,
        0.375,
        0.375
      ]
    },
    "thirdperson_lefthand": {
      "rotation": [
        -0.25,
        45,
        0
      ],
      "translation": [
        0,
        -1.5,
        1
      ],
      "scale": [
        0.375,
        0.375,
        0.375
      ]
    },
    "firstperson_righthand": {
      "rotation": [
        -0.25,
        45,
        0
      ],
      "translation": [
        0,
        -1.5,
        1
      ],
      "scale": [
        0.375,
        0.375,
        0.375
      ]
    },
    "firstperson_lefthand": {
      "rotation": [
        -0.25,
        45,
        0
      ],
      "translation": [
        0,
        -1.5,
        1
      ],
      "scale": [
        0.375,
        0.375,
        0.375
      ]
    },
    "ground": {
      "rotation": [
        -0.25,
        45,
        0
      ],
      "translation": [
        0,
        -1.5,
        1
      ],
      "scale": [
        0.375,
        0.375,
        0.375
      ]
    },
    "gui": {
      "rotation": [
        30,
        225,
        0
      ],
      "translation": [
        0,
        -4.25,
        0
      ],
      "scale": [
        0.625,
        0.625,
        0.625
      ]
    },
    "fixed": {
      "rotation": [
        -18.25,
        30.5,
        0
      ],
      "translation": [
        0,
        -8,
        1
      ]
    }
  }
}