{
  "credit": "Made with Blockbench",
  "texture_size": [
    128,
    64
  ],
  "elements": [
    {
      "from": [
        3,
        8,
        3
      ],
      "to": [
        13,
        9.5,
        13
      ],
      "rotation": {
        "angle": -45,
        "axis": "y",
        "origin": [
          8,
          8.255,
          8
        ]
      },
      "faces": {
        "north": {
          "uv": [
            5,
            1,
            7.5,
            1.25
          ],
          "texture": "#2"
        },
        "east": {
          "uv": [
            5,
            1,
            7.5,
            1.25
          ],
          "texture": "#2"
        },
        "south": {
          "uv": [
            5,
            1,
            7.5,
            1.25
          ],
          "texture": "#2"
        },
        "west": {
          "uv": [
            5,
            1,
            7.5,
            1.25
          ],
          "texture": "#2"
        },
        "up": {
          "uv": [
            0,
            4,
            4,
            12
          ],
          "texture": "#2"
        },
        "down": {
          "uv": [
            5,
            1,
            7.5,
            1.25
          ],
          "texture": "#2"
        }
      }
    },
    {
      "from": [
        3,
        8.01,
        3
      ],
      "to": [
        13,
        9.51,
        13
      ],
      "rotation": {
        "angle": 0,
        "axis": "y",
        "origin": [
          8,
          8.255,
          8
        ]
      },
      "faces": {
        "north": {
          "uv": [
            5,
            1.5,
            7.5,
            1.75
          ],
          "texture": "#2"
        },
        "east": {
          "uv": [
            5,
            2,
            7.5,
            2.25
          ],
          "texture": "#2"
        },
        "south": {
          "uv": [
            5,
            2.5,
            7.5,
            2.75
          ],
          "texture": "#2"
        },
        "west": {
          "uv": [
            5,
            3,
            7.5,
            3.25
          ],
          "texture": "#2"
        },
        "up": {
          "uv": [
            4,
            4,
            8,
            12
          ],
          "texture": "#2"
        },
        "down": {
          "uv": [
            7.5,
            0,
            5.125,
            0.25
          ],
          "texture": "#2"
        }
      }
    },
    {
      "from": [
        11,
        0,
        4
      ],
      "to": [
        12,
        8,
        5
      ],
      "faces": {
        "north": {
          "uv": [
            8,
            0,
            8.5,
            8
          ],
          "texture": "#2"
        },
        "east": {
          "uv": [
            8.5,
            0,
            9,
            8
          ],
          "texture": "#2"
        },
        "south": {
          "uv": [
            9,
            0,
            9.5,
            8
          ],
          "texture": "#2"
        },
        "west": {
          "uv": [
            9.5,
            0,
            10,
            8
          ],
          "texture": "#2"
        },
        "up": {
          "uv": [
            8.5,
            9,
            8,
            8
          ],
          "texture": "#2"
        },
        "down": {
          "uv": [
            12.5,
            0,
            12,
            1
          ],
          "texture": "#2"
        }
      }
    },
    {
      "from": [
        10.75,
        -0.1,
        3.75
      ],
      "to": [
        12.25,
        1,
        5.25
      ],
      "faces": {
        "north": {
          "uv": [
            11,
            2,
            11.75,
            3
          ],
          "texture": "#2"
        },
        "east": {
          "uv": [
            11,
            3,
            11.75,
            4
          ],
          "texture": "#2"
        },
        "south": {
          "uv": [
            10,
            6,
            10.75,
            7
          ],
          "texture": "#2"
        },
        "west": {
          "uv": [
            11,
            4,
            11.75,
            5
          ],
          "texture": "#2"
        },
        "up": {
          "uv": [
            10.75,
            1.5,
            10,
            0
          ],
          "texture": "#2"
        },
        "down": {
          "uv": [
            10.75,
            2,
            10,
            3.5
          ],
          "texture": "#2"
        }
      }
    },
    {
      "from": [
        10.75,
        7,
        3.75
      ],
      "to": [
        12.25,
        8,
        5.25
      ],
      "faces": {
        "north": {
          "uv": [
            11,
            5,
            11.75,
            6
          ],
          "texture": "#2"
        },
        "east": {
          "uv": [
            11,
            6,
            11.75,
            7
          ],
          "texture": "#2"
        },
        "south": {
          "uv": [
            10,
            7,
            10.75,
            8
          ],
          "texture": "#2"
        },
        "west": {
          "uv": [
            11,
            7,
            11.75,
            8
          ],
          "texture": "#2"
        },
        "up": {
          "uv": [
            10.75,
            5.5,
            10,
            4
          ],
          "texture": "#2"
        },
        "down": {
          "uv": [
            11.75,
            0,
            11,
            1.5
          ],
          "texture": "#2"
        }
      }
    },
    {
      "from": [
        11,
        0,
        11
      ],
      "to": [
        12,
        8,
        12
      ],
      "faces": {
        "north": {
          "uv": [
            8,
            0,
            8.5,
            8
          ],
          "texture": "#2"
        },
        "east": {
          "uv": [
            8.5,
            0,
            9,
            8
          ],
          "texture": "#2"
        },
        "south": {
          "uv": [
            9,
            0,
            9.5,
            8
          ],
          "texture": "#2"
        },
        "west": {
          "uv": [
            9.5,
            0,
            10,
            8
          ],
          "texture": "#2"
        },
        "up": {
          "uv": [
            8.5,
            9,
            8,
            8
          ],
          "texture": "#2"
        },
        "down": {
          "uv": [
            12.5,
            0,
            12,
            1
          ],
          "texture": "#2"
        }
      }
    },
    {
      "from": [
        10.75,
        -0.1,
        10.75
      ],
      "to": [
        12.25,
        1,
        12.25
      ],
      "faces": {
        "north": {
          "uv": [
            11,
            2,
            11.75,
            3
          ],
          "texture": "#2"
        },
        "east": {
          "uv": [
            11,
            3,
            11.75,
            4
          ],
          "texture": "#2"
        },
        "south": {
          "uv": [
            10,
            6,
            10.75,
            7
          ],
          "texture": "#2"
        },
        "west": {
          "uv": [
            11,
            4,
            11.75,
            5
          ],
          "texture": "#2"
        },
        "up": {
          "uv": [
            10.75,
            1.5,
            10,
            0
          ],
          "texture": "#2"
        },
        "down": {
          "uv": [
            10.75,
            2,
            10,
            3.5
          ],
          "texture": "#2"
        }
      }
    },
    {
      "from": [
        10.75,
        7,
        10.75
      ],
      "to": [
        12.25,
        8,
        12.25
      ],
      "faces": {
        "north": {
          "uv": [
            11,
            5,
            11.75,
            6
          ],
          "texture": "#2"
        },
        "east": {
          "uv": [
            11,
            6,
            11.75,
            7
          ],
          "texture": "#2"
        },
        "south": {
          "uv": [
            10,
            7,
            10.75,
            8
          ],
          "texture": "#2"
        },
        "west": {
          "uv": [
            11,
            7,
            11.75,
            8
          ],
          "texture": "#2"
        },
        "up": {
          "uv": [
            10.75,
            5.5,
            10,
            4
          ],
          "texture": "#2"
        },
        "down": {
          "uv": [
            11.75,
            0,
            11,
            1.5
          ],
          "texture": "#2"
        }
      }
    },
    {
      "from": [
        4,
        0,
        11
      ],
      "to": [
        5,
        8,
        12
      ],
      "faces": {
        "north": {
          "uv": [
            8,
            0,
            8.5,
            8
          ],
          "texture": "#2"
        },
        "east": {
          "uv": [
            8.5,
            0,
            9,
            8
          ],
          "texture": "#2"
        },
        "south": {
          "uv": [
            9,
            0,
            9.5,
            8
          ],
          "texture": "#2"
        },
        "west": {
          "uv": [
            9.5,
            0,
            10,
            8
          ],
          "texture": "#2"
        },
        "up": {
          "uv": [
            8.5,
            9,
            8,
            8
          ],
          "texture": "#2"
        },
        "down": {
          "uv": [
            12.5,
            0,
            12,
            1
          ],
          "texture": "#2"
        }
      }
    },
    {
      "from": [
        4,
        0,
        4
      ],
      "to": [
        5,
        8,
        5
      ],
      "faces": {
        "north": {
          "uv": [
            8,
            0,
            8.5,
            8
          ],
          "texture": "#2"
        },
        "east": {
          "uv": [
            8.5,
            0,
            9,
            8
          ],
          "texture": "#2"
        },
        "south": {
          "uv": [
            9,
            0,
            9.5,
            8
          ],
          "texture": "#2"
        },
        "west": {
          "uv": [
            9.5,
            0,
            10,
            8
          ],
          "texture": "#2"
        },
        "up": {
          "uv": [
            8.5,
            9,
            8,
            8
          ],
          "texture": "#2"
        },
        "down": {
          "uv": [
            12.5,
            0,
            12,
            1
          ],
          "texture": "#2"
        }
      }
    },
    {
      "from": [
        3.75,
        -0.1,
        3.75
      ],
      "to": [
        5.25,
        1,
        5.25
      ],
      "faces": {
        "north": {
          "uv": [
            11,
            2,
            11.75,
            3
          ],
          "texture": "#2"
        },
        "east": {
          "uv": [
            11,
            3,
            11.75,
            4
          ],
          "texture": "#2"
        },
        "south": {
          "uv": [
            10,
            6,
            10.75,
            7
          ],
          "texture": "#2"
        },
        "west": {
          "uv": [
            11,
            4,
            11.75,
            5
          ],
          "texture": "#2"
        },
        "up": {
          "uv": [
            10.75,
            1.5,
            10,
            0
          ],
          "texture": "#2"
        },
        "down": {
          "uv": [
            10.75,
            2,
            10,
            3.5
          ],
          "texture": "#2"
        }
      }
    },
    {
      "from": [
        3.75,
        7,
        3.75
      ],
      "to": [
        5.25,
        8,
        5.25
      ],
      "faces": {
        "north": {
          "uv": [
            11,
            5,
            11.75,
            6
          ],
          "texture": "#2"
        },
        "east": {
          "uv": [
            11,
            6,
            11.75,
            7
          ],
          "texture": "#2"
        },
        "south": {
          "uv": [
            10,
            7,
            10.75,
            8
          ],
          "texture": "#2"
        },
        "west": {
          "uv": [
            11,
            7,
            11.75,
            8
          ],
          "texture": "#2"
        },
        "up": {
          "uv": [
            10.75,
            5.5,
            10,
            4
          ],
          "texture": "#2"
        },
        "down": {
          "uv": [
            11.75,
            0,
            11,
            1.5
          ],
          "texture": "#2"
        }
      }
    },
    {
      "from": [
        3.75,
        -0.1,
        10.75
      ],
      "to": [
        5.25,
        1,
        12.25
      ],
      "faces": {
        "north": {
          "uv": [
            11,
            2,
            11.75,
            3
          ],
          "texture": "#2"
        },
        "east": {
          "uv": [
            11,
            3,
            11.75,
            4
          ],
          "texture": "#2"
        },
        "south": {
          "uv": [
            10,
            6,
            10.75,
            7
          ],
          "texture": "#2"
        },
        "west": {
          "uv": [
            11,
            4,
            11.75,
            5
          ],
          "texture": "#2"
        },
        "up": {
          "uv": [
            10.75,
            1.5,
            10,
            0
          ],
          "texture": "#2"
        },
        "down": {
          "uv": [
            10.75,
            2,
            10,
            3.5
          ],
          "texture": "#2"
        }
      }
    },
    {
      "from": [
        3.75,
        7,
        10.75
      ],
      "to": [
        5.25,
        8,
        12.25
      ],
      "faces": {
        "north": {
          "uv": [
            11,
            5,
            11.75,
            6
          ],
          "texture": "#2"
        },
        "east": {
          "uv": [
            11,
            6,
            11.75,
            7
          ],
          "texture": "#2"
        },
        "south": {
          "uv": [
            10,
            7,
            10.75,
            8
          ],
          "texture": "#2"
        },
        "west": {
          "uv": [
            11,
            7,
            11.75,
            8
          ],
          "texture": "#2"
        },
        "up": {
          "uv": [
            10.75,
            5.5,
            10,
            4
          ],
          "texture": "#2"
        },
        "down": {
          "uv": [
            11.75,
            0,
            11,
            1.5
          ],
          "texture": "#2"
        }
      }
    }
  ],
  "display": {
    "thirdperson_righthand": {
      "rotation": [
        24.41,
        -69.25,
        -1.33
      ],
      "translation": [
        1.25,
        1.5,
        -1
      ],
      "scale": [
        0.5,
        0.5,
        0.5
      ]
    },
    "thirdperson_lefthand": {
      "rotation": [
        24.41,
        -69.25,
        -1.33
      ],
      "translation": [
        1.25,
        1.5,
        -1
      ],
      "scale": [
        0.5,
        0.5,
        0.5
      ]
    },
    "firstperson_righthand": {
      "translation": [
        1.25,
        1.5,
        -1
      ],
      "scale": [
        0.5,
        0.5,
        0.5
      ]
    },
    "firstperson_lefthand": {
      "translation": [
        1.25,
        1.5,
        -1
      ],
      "scale": [
        0.5,
        0.5,
        0.5
      ]
    },
    "ground": {
      "rotation": [
        30.34,
        3.54,
        12.99
      ],
      "translation": [
        0,
        6.5,
        8.5
      ]
    },
    "gui": {
      "rotation": [
        45,
        45,
        0
      ],
      "translation": [
        0,
        2,
        0
      ]
    },
    "head": {
      "rotation": [
        -90,
        0,
        0
      ],
      "translation": [
        0,
        -1.5,
        -6.5
      ]
    },
    "fixed": {
      "rotation": [
        -91,
        0,
        0
      ]
    }
  }
}