{
  "credit": "Made with Blockbench",
  "texture_size": [
    64,
    64
  ],
  "elements": [
    {
      "from": [
        6.95,
        23.3,
        4
      ],
      "to": [
        7.95,
        28.5,
        4.9
      ],
      "faces": {
        "north": {
          "uv": [
            3.25,
            3.75,
            3.5,
            5
          ],
          "texture": "#3"
        },
        "east": {
          "uv": [
            3.5,
            3.75,
            3.75,
            5
          ],
          "texture": "#3"
        },
        "south": {
          "uv": [
            3.75,
            3.75,
            4,
            5
          ],
          "texture": "#3"
        },
        "west": {
          "uv": [
            4,
            0,
            4.25,
            1.25
          ],
          "texture": "#3"
        },
        "up": {
          "uv": [
            0.25,
            4.75,
            0,
            4.5
          ],
          "texture": "#3"
        },
        "down": {
          "uv": [
            4.75,
            0,
            4.5,
            0.25
          ],
          "texture": "#3"
        }
      }
    },
    {
      "from": [
        7.05,
        22.3,
        1
      ],
      "to": [
        7.85,
        27.5,
        2.9
      ],
      "faces": {
        "north": {
          "uv": [
            0.5,
            4.25,
            0.75,
            5.5
          ],
          "texture": "#3"
        },
        "east": {
          "uv": [
            0,
            0,
            0.5,
            1.25
          ],
          "texture": "#3"
        },
        "south": {
          "uv": [
            0.75,
            4.25,
            1,
            5.5
          ],
          "texture": "#3"
        },
        "west": {
          "uv": [
            0.5,
            0,
            1,
            1.25
          ],
          "texture": "#3"
        },
        "up": {
          "uv": [
            4.5,
            1.75,
            4.25,
            1.25
          ],
          "texture": "#3"
        },
        "down": {
          "uv": [
            4.5,
            1.75,
            4.25,
            2.25
          ],
          "texture": "#3"
        }
      }
    },
    {
      "from": [
        7.05,
        20.5,
        -1
      ],
      "to": [
        7.85,
        26.1,
        -0.1
      ],
      "faces": {
        "north": {
          "uv": [
            2.5,
            0,
            2.75,
            1.5
          ],
          "texture": "#3"
        },
        "east": {
          "uv": [
            2.5,
            1.5,
            2.75,
            3
          ],
          "texture": "#3"
        },
        "south": {
          "uv": [
            2.75,
            0,
            3,
            1.5
          ],
          "texture": "#3"
        },
        "west": {
          "uv": [
            0.5,
            2.75,
            0.75,
            4.25
          ],
          "texture": "#3"
        },
        "up": {
          "uv": [
            1.25,
            4.75,
            1,
            4.5
          ],
          "texture": "#3"
        },
        "down": {
          "uv": [
            4.75,
            1,
            4.5,
            1.25
          ],
          "texture": "#3"
        }
      }
    },
    {
      "from": [
        7.15,
        19.2,
        -2
      ],
      "to": [
        7.75,
        25,
        -1
      ],
      "faces": {
        "north": {
          "uv": [
            0.75,
            2.75,
            1,
            4.25
          ],
          "texture": "#3"
        },
        "east": {
          "uv": [
            2.75,
            1.5,
            3,
            3
          ],
          "texture": "#3"
        },
        "south": {
          "uv": [
            0,
            3,
            0.25,
            4.5
          ],
          "texture": "#3"
        },
        "west": {
          "uv": [
            3,
            0,
            3.25,
            1.5
          ],
          "texture": "#3"
        },
        "up": {
          "uv": [
            1.5,
            4.75,
            1.25,
            4.5
          ],
          "texture": "#3"
        },
        "down": {
          "uv": [
            4.75,
            1.25,
            4.5,
            1.5
          ],
          "texture": "#3"
        }
      }
    },
    {
      "from": [
        7.25,
        17.9,
        -3
      ],
      "to": [
        7.65,
        24.3,
        -2
      ],
      "faces": {
        "north": {
          "uv": [
            0.25,
            3,
            0.5,
            4.5
          ],
          "texture": "#3"
        },
        "east": {
          "uv": [
            1.5,
            3,
            1.75,
            4.5
          ],
          "texture": "#3"
        },
        "south": {
          "uv": [
            3,
            1.5,
            3.25,
            3
          ],
          "texture": "#3"
        },
        "west": {
          "uv": [
            1.75,
            3,
            2,
            4.5
          ],
          "texture": "#3"
        },
        "up": {
          "uv": [
            1.75,
            4.75,
            1.5,
            4.5
          ],
          "texture": "#3"
        },
        "down": {
          "uv": [
            4.75,
            1.5,
            4.5,
            1.75
          ],
          "texture": "#3"
        }
      }
    },
    {
      "from": [
        7.25,
        16.3,
        -4
      ],
      "to": [
        7.65,
        23.5,
        -3
      ],
      "faces": {
        "north": {
          "uv": [
            1,
            0,
            1.25,
            1.75
          ],
          "texture": "#3"
        },
        "east": {
          "uv": [
            0,
            1.25,
            0.25,
            3
          ],
          "texture": "#3"
        },
        "south": {
          "uv": [
            1.25,
            0,
            1.5,
            1.75
          ],
          "texture": "#3"
        },
        "west": {
          "uv": [
            0.25,
            1.25,
            0.5,
            3
          ],
          "texture": "#3"
        },
        "up": {
          "uv": [
            2,
            4.75,
            1.75,
            4.5
          ],
          "texture": "#3"
        },
        "down": {
          "uv": [
            4.75,
            1.75,
            4.5,
            2
          ],
          "texture": "#3"
        }
      }
    },
    {
      "from": [
        6.95,
        24.1,
        6
      ],
      "to": [
        7.95,
        29.5,
        6.9
      ],
      "faces": {
        "north": {
          "uv": [
            3.25,
            1.25,
            3.5,
            2.5
          ],
          "texture": "#3"
        },
        "east": {
          "uv": [
            3.25,
            2.5,
            3.5,
            3.75
          ],
          "texture": "#3"
        },
        "south": {
          "uv": [
            3.5,
            0,
            3.75,
            1.25
          ],
          "texture": "#3"
        },
        "west": {
          "uv": [
            3.5,
            1.25,
            3.75,
            2.5
          ],
          "texture": "#3"
        },
        "up": {
          "uv": [
            4.5,
            3.75,
            4.25,
            3.5
          ],
          "texture": "#3"
        },
        "down": {
          "uv": [
            4.5,
            3.75,
            4.25,
            4
          ],
          "texture": "#3"
        }
      }
    },
    {
      "from": [
        6.85,
        24.5,
        8
      ],
      "to": [
        8.05,
        30,
        9
      ],
      "faces": {
        "north": {
          "uv": [
            1.75,
            0,
            2,
            1.5
          ],
          "texture": "#3"
        },
        "east": {
          "uv": [
            1,
            1.75,
            1.25,
            3.25
          ],
          "texture": "#3"
        },
        "south": {
          "uv": [
            1.25,
            1.75,
            1.5,
            3.25
          ],
          "texture": "#3"
        },
        "west": {
          "uv": [
            1.75,
            1.5,
            2,
            3
          ],
          "texture": "#3"
        },
        "up": {
          "uv": [
            4.5,
            3,
            4.25,
            2.75
          ],
          "texture": "#3"
        },
        "down": {
          "uv": [
            3.25,
            4.25,
            3,
            4.5
          ],
          "texture": "#3"
        }
      }
    },
    {
      "from": [
        7.05,
        21.3,
        -0.1
      ],
      "to": [
        7.85,
        26.8,
        1
      ],
      "faces": {
        "north": {
          "uv": [
            2,
            0,
            2.25,
            1.5
          ],
          "texture": "#3"
        },
        "east": {
          "uv": [
            2,
            1.5,
            2.25,
            3
          ],
          "texture": "#3"
        },
        "south": {
          "uv": [
            2.25,
            0,
            2.5,
            1.5
          ],
          "texture": "#3"
        },
        "west": {
          "uv": [
            2.25,
            1.5,
            2.5,
            3
          ],
          "texture": "#3"
        },
        "up": {
          "uv": [
            4.75,
            0.75,
            4.5,
            0.5
          ],
          "texture": "#3"
        },
        "down": {
          "uv": [
            4.75,
            0.75,
            4.5,
            1
          ],
          "texture": "#3"
        }
      }
    },
    {
      "from": [
        7.05,
        23.3,
        2.9
      ],
      "to": [
        7.85,
        28,
        4
      ],
      "faces": {
        "north": {
          "uv": [
            4,
            1.25,
            4.25,
            2.5
          ],
          "texture": "#3"
        },
        "east": {
          "uv": [
            4,
            2.5,
            4.25,
            3.75
          ],
          "texture": "#3"
        },
        "south": {
          "uv": [
            4,
            3.75,
            4.25,
            5
          ],
          "texture": "#3"
        },
        "west": {
          "uv": [
            4.25,
            0,
            4.5,
            1.25
          ],
          "texture": "#3"
        },
        "up": {
          "uv": [
            0.5,
            4.75,
            0.25,
            4.5
          ],
          "texture": "#3"
        },
        "down": {
          "uv": [
            4.75,
            0.25,
            4.5,
            0.5
          ],
          "texture": "#3"
        }
      }
    },
    {
      "from": [
        6.95,
        24.1,
        4.9
      ],
      "to": [
        7.95,
        29.1,
        6
      ],
      "faces": {
        "north": {
          "uv": [
            3.5,
            2.5,
            3.75,
            3.75
          ],
          "texture": "#3"
        },
        "east": {
          "uv": [
            3.75,
            0,
            4,
            1.25
          ],
          "texture": "#3"
        },
        "south": {
          "uv": [
            3.75,
            1.25,
            4,
            2.5
          ],
          "texture": "#3"
        },
        "west": {
          "uv": [
            3.75,
            2.5,
            4,
            3.75
          ],
          "texture": "#3"
        },
        "up": {
          "uv": [
            4.5,
            4.25,
            4.25,
            4
          ],
          "texture": "#3"
        },
        "down": {
          "uv": [
            4.5,
            4.25,
            4.25,
            4.5
          ],
          "texture": "#3"
        }
      }
    },
    {
      "from": [
        6.85,
        24.5,
        6.9
      ],
      "to": [
        8.05,
        29.9,
        8
      ],
      "faces": {
        "north": {
          "uv": [
            3,
            3,
            3.25,
            4.25
          ],
          "texture": "#3"
        },
        "east": {
          "uv": [
            3.25,
            0,
            3.5,
            1.25
          ],
          "texture": "#3"
        },
        "south": {
          "uv": [
            1,
            3.25,
            1.25,
            4.5
          ],
          "texture": "#3"
        },
        "west": {
          "uv": [
            1.25,
            3.25,
            1.5,
            4.5
          ],
          "texture": "#3"
        },
        "up": {
          "uv": [
            4.5,
            3.25,
            4.25,
            3
          ],
          "texture": "#3"
        },
        "down": {
          "uv": [
            4.5,
            3.25,
            4.25,
            3.5
          ],
          "texture": "#3"
        }
      }
    },
    {
      "from": [
        6.85,
        24.1,
        9
      ],
      "to": [
        8.05,
        30,
        10
      ],
      "faces": {
        "north": {
          "uv": [
            0.5,
            1.25,
            0.75,
            2.75
          ],
          "texture": "#3"
        },
        "east": {
          "uv": [
            0.75,
            1.25,
            1,
            2.75
          ],
          "texture": "#3"
        },
        "south": {
          "uv": [
            1.5,
            0,
            1.75,
            1.5
          ],
          "texture": "#3"
        },
        "west": {
          "uv": [
            1.5,
            1.5,
            1.75,
            3
          ],
          "texture": "#3"
        },
        "up": {
          "uv": [
            4.5,
            2.5,
            4.25,
            2.25
          ],
          "texture": "#3"
        },
        "down": {
          "uv": [
            4.5,
            2.5,
            4.25,
            2.75
          ],
          "texture": "#3"
        }
      }
    },
    {
      "from": [
        7.25,
        14.8,
        -5
      ],
      "to": [
        7.65,
        21.1,
        -4
      ],
      "faces": {
        "north": {
          "uv": [
            2,
            3,
            2.25,
            4.5
          ],
          "texture": "#3"
        },
        "east": {
          "uv": [
            2.25,
            3,
            2.5,
            4.5
          ],
          "texture": "#3"
        },
        "south": {
          "uv": [
            2.5,
            3,
            2.75,
            4.5
          ],
          "texture": "#3"
        },
        "west": {
          "uv": [
            2.75,
            3,
            3,
            4.5
          ],
          "texture": "#3"
        },
        "up": {
          "uv": [
            2.25,
            4.75,
            2,
            4.5
          ],
          "texture": "#3"
        },
        "down": {
          "uv": [
            4.75,
            2,
            4.5,
            2.25
          ],
          "texture": "#3"
        }
      }
    },
    {
      "from": [
        7,
        15,
        11
      ],
      "to": [
        7.8,
        19.6,
        12
      ],
      "faces": {
        "north": {
          "uv": [
            10,
            0,
            10.25,
            1.25
          ],
          "texture": "#3"
        },
        "east": {
          "uv": [
            10,
            1.25,
            10.25,
            2.5
          ],
          "texture": "#3"
        },
        "south": {
          "uv": [
            10.25,
            0,
            10.5,
            1.25
          ],
          "texture": "#3"
        },
        "west": {
          "uv": [
            9,
            2.25,
            9.25,
            3.5
          ],
          "texture": "#3"
        },
        "up": {
          "uv": [
            10,
            2.5,
            9.75,
            2.25
          ],
          "texture": "#3"
        },
        "down": {
          "uv": [
            10.5,
            1.75,
            10.25,
            2
          ],
          "texture": "#3"
        }
      }
    },
    {
      "from": [
        6.75,
        23.5,
        11
      ],
      "to": [
        8.15,
        30.1,
        14
      ],
      "faces": {
        "north": {
          "uv": [
            4,
            10,
            4.25,
            11.75
          ],
          "texture": "#3"
        },
        "east": {
          "uv": [
            1.5,
            8,
            2.25,
            9.75
          ],
          "texture": "#3"
        },
        "south": {
          "uv": [
            2.75,
            12,
            3,
            13.75
          ],
          "texture": "#3"
        },
        "west": {
          "uv": [
            1.5,
            9.75,
            2.25,
            11.5
          ],
          "texture": "#3"
        },
        "up": {
          "uv": [
            0.25,
            13.25,
            0,
            12.5
          ],
          "texture": "#3"
        },
        "down": {
          "uv": [
            0.5,
            12.5,
            0.25,
            13.25
          ],
          "texture": "#3"
        }
      }
    },
    {
      "from": [
        6.75,
        24.3,
        14
      ],
      "to": [
        8.15,
        29.8,
        15
      ],
      "faces": {
        "north": {
          "uv": [
            0.5,
            12.25,
            0.75,
            13.5
          ],
          "texture": "#3"
        },
        "east": {
          "uv": [
            4.25,
            8.5,
            4.5,
            9.75
          ],
          "texture": "#3"
        },
        "south": {
          "uv": [
            0.75,
            12.25,
            1,
            13.5
          ],
          "texture": "#3"
        },
        "west": {
          "uv": [
            1,
            12.25,
            1.25,
            13.5
          ],
          "texture": "#3"
        },
        "up": {
          "uv": [
            4.75,
            11,
            4.5,
            10.75
          ],
          "texture": "#3"
        },
        "down": {
          "uv": [
            5.5,
            8.75,
            5.25,
            9
          ],
          "texture": "#3"
        }
      }
    },
    {
      "from": [
        6.7,
        22,
        10
      ],
      "to": [
        8.25,
        30.8,
        13
      ],
      "faces": {
        "north": {
          "uv": [
            0,
            10.25,
            0.5,
            12.5
          ],
          "texture": "#3"
        },
        "east": {
          "uv": [
            0,
            8,
            0.75,
            10.25
          ],
          "texture": "#3"
        },
        "south": {
          "uv": [
            2.25,
            8,
            2.75,
            10.25
          ],
          "texture": "#3"
        },
        "west": {
          "uv": [
            0.75,
            8,
            1.5,
            10.25
          ],
          "texture": "#3"
        },
        "up": {
          "uv": [
            3.5,
            12.75,
            3,
            12
          ],
          "texture": "#3"
        },
        "down": {
          "uv": [
            4,
            12,
            3.5,
            12.75
          ],
          "texture": "#3"
        }
      }
    },
    {
      "from": [
        6.8,
        10,
        4
      ],
      "to": [
        7.9,
        19,
        5.2
      ],
      "rotation": {
        "angle": 22.5,
        "axis": "x",
        "origin": [
          0,
          0,
          0.3
        ]
      },
      "faces": {
        "north": {
          "uv": [
            9,
            0,
            9.25,
            2.25
          ],
          "texture": "#3"
        },
        "east": {
          "uv": [
            9.25,
            0,
            9.5,
            2.25
          ],
          "texture": "#3"
        },
        "south": {
          "uv": [
            9.5,
            0,
            9.75,
            2.25
          ],
          "texture": "#3"
        },
        "west": {
          "uv": [
            9.75,
            0,
            10,
            2.25
          ],
          "texture": "#3"
        },
        "up": {
          "uv": [
            9.75,
            2.5,
            9.5,
            2.25
          ],
          "texture": "#3"
        },
        "down": {
          "uv": [
            10.5,
            1.5,
            10.25,
            1.75
          ],
          "texture": "#3"
        }
      }
    },
    {
      "from": [
        6.8,
        -13.6,
        7.9
      ],
      "to": [
        7.8,
        8,
        8.9
      ],
      "rotation": {
        "angle": 0,
        "axis": "y",
        "origin": [
          0,
          0,
          0.3
        ]
      },
      "faces": {
        "north": {
          "uv": [
            8,
            0,
            8.25,
            5.5
          ],
          "texture": "#3"
        },
        "east": {
          "uv": [
            8.25,
            0,
            8.5,
            5.5
          ],
          "texture": "#3"
        },
        "south": {
          "uv": [
            8.5,
            0,
            8.75,
            5.5
          ],
          "texture": "#3"
        },
        "west": {
          "uv": [
            8.75,
            0,
            9,
            5.5
          ],
          "texture": "#3"
        },
        "up": {
          "uv": [
            9.5,
            2.5,
            9.25,
            2.25
          ],
          "texture": "#3"
        },
        "down": {
          "uv": [
            10.5,
            1.25,
            10.25,
            1.5
          ],
          "texture": "#3"
        }
      }
    },
    {
      "from": [
        6.6,
        -13.7,
        7.7
      ],
      "to": [
        8,
        -9,
        9.1
      ],
      "rotation": {
        "angle": 0,
        "axis": "y",
        "origin": [
          0,
          0,
          0.3
        ]
      },
      "faces": {
        "north": {
          "uv": [
            1.25,
            12.25,
            1.5,
            13.5
          ],
          "texture": "#3"
        },
        "east": {
          "uv": [
            4.25,
            9.75,
            4.5,
            11
          ],
          "texture": "#3"
        },
        "south": {
          "uv": [
            2.25,
            12.25,
            2.5,
            13.5
          ],
          "texture": "#3"
        },
        "west": {
          "uv": [
            2.5,
            12.25,
            2.75,
            13.5
          ],
          "texture": "#3"
        },
        "up": {
          "uv": [
            3.5,
            13.5,
            3.25,
            13.25
          ],
          "texture": "#3"
        },
        "down": {
          "uv": [
            5.5,
            11.25,
            5.25,
            11.5
          ],
          "texture": "#3"
        }
      }
    },
    {
      "from": [
        6.9,
        19,
        10.9
      ],
      "to": [
        7.95,
        21,
        12.1
      ],
      "faces": {
        "north": {
          "uv": [
            4.75,
            9.25,
            5,
            9.75
          ],
          "texture": "#3"
        },
        "east": {
          "uv": [
            4.75,
            9.75,
            5,
            10.25
          ],
          "texture": "#3"
        },
        "south": {
          "uv": [
            4.75,
            10.25,
            5,
            10.75
          ],
          "texture": "#3"
        },
        "west": {
          "uv": [
            4.75,
            10.75,
            5,
            11.25
          ],
          "texture": "#3"
        },
        "up": {
          "uv": [
            5.5,
            10.75,
            5.25,
            10.5
          ],
          "texture": "#3"
        },
        "down": {
          "uv": [
            5.5,
            10.75,
            5.25,
            11
          ],
          "texture": "#3"
        }
      }
    },
    {
      "from": [
        6.7,
        15,
        10.8
      ],
      "to": [
        7.95,
        17,
        12.2
      ],
      "faces": {
        "north": {
          "uv": [
            3,
            12.75,
            3.25,
            13.25
          ],
          "texture": "#3"
        },
        "east": {
          "uv": [
            3.25,
            12.75,
            3.5,
            13.25
          ],
          "texture": "#3"
        },
        "south": {
          "uv": [
            3.5,
            12.75,
            3.75,
            13.25
          ],
          "texture": "#3"
        },
        "west": {
          "uv": [
            3.75,
            12.75,
            4,
            13.25
          ],
          "texture": "#3"
        },
        "up": {
          "uv": [
            3.25,
            13.5,
            3,
            13.25
          ],
          "texture": "#3"
        },
        "down": {
          "uv": [
            5.5,
            11,
            5.25,
            11.25
          ],
          "texture": "#3"
        }
      }
    },
    {
      "from": [
        6.7,
        6,
        7.5
      ],
      "to": [
        8.05,
        8,
        9.2
      ],
      "faces": {
        "north": {
          "uv": [
            4.75,
            11.75,
            5,
            12.25
          ],
          "texture": "#3"
        },
        "east": {
          "uv": [
            4.25,
            11,
            4.75,
            11.5
          ],
          "texture": "#3"
        },
        "south": {
          "uv": [
            4,
            12.75,
            4.25,
            13.25
          ],
          "texture": "#3"
        },
        "west": {
          "uv": [
            4,
            12.25,
            4.5,
            12.75
          ],
          "texture": "#3"
        },
        "up": {
          "uv": [
            4.5,
            13.25,
            4.25,
            12.75
          ],
          "texture": "#3"
        },
        "down": {
          "uv": [
            5,
            12.25,
            4.75,
            12.75
          ],
          "texture": "#3"
        }
      }
    },
    {
      "from": [
        6.8,
        21,
        10.4
      ],
      "to": [
        8.05,
        22,
        12.6
      ],
      "faces": {
        "north": {
          "uv": [
            5.25,
            9,
            5.5,
            9.25
          ],
          "texture": "#3"
        },
        "east": {
          "uv": [
            4.5,
            8.75,
            5,
            9
          ],
          "texture": "#3"
        },
        "south": {
          "uv": [
            5.25,
            9.75,
            5.5,
            10
          ],
          "texture": "#3"
        },
        "west": {
          "uv": [
            4.5,
            9,
            5,
            9.25
          ],
          "texture": "#3"
        },
        "up": {
          "uv": [
            4.75,
            9.75,
            4.5,
            9.25
          ],
          "texture": "#3"
        },
        "down": {
          "uv": [
            4.75,
            9.75,
            4.5,
            10.25
          ],
          "texture": "#3"
        }
      }
    },
    {
      "from": [
        6.1,
        30,
        10.5
      ],
      "to": [
        8.65,
        31.3,
        12.5
      ],
      "faces": {
        "north": {
          "uv": [
            4.25,
            11.5,
            5,
            11.75
          ],
          "texture": "#3"
        },
        "east": {
          "uv": [
            5,
            12.75,
            5.5,
            13
          ],
          "texture": "#3"
        },
        "south": {
          "uv": [
            4.5,
            8.5,
            5.25,
            8.75
          ],
          "texture": "#3"
        },
        "west": {
          "uv": [
            5,
            13,
            5.5,
            13.25
          ],
          "texture": "#3"
        },
        "up": {
          "uv": [
            4.75,
            12.25,
            4,
            11.75
          ],
          "texture": "#3"
        },
        "down": {
          "uv": [
            5,
            8,
            4.25,
            8.5
          ],
          "texture": "#3"
        }
      }
    },
    {
      "from": [
        6.7,
        29,
        8.1
      ],
      "to": [
        8.25,
        30.3,
        10
      ],
      "faces": {
        "north": {
          "uv": [
            4.5,
            13.25,
            4.75,
            13.5
          ],
          "texture": "#3"
        },
        "east": {
          "uv": [
            4.75,
            11.25,
            5.25,
            11.5
          ],
          "texture": "#3"
        },
        "south": {
          "uv": [
            4.75,
            13.25,
            5,
            13.5
          ],
          "texture": "#3"
        },
        "west": {
          "uv": [
            4.5,
            12.75,
            5,
            13
          ],
          "texture": "#3"
        },
        "up": {
          "uv": [
            5.25,
            8.5,
            5,
            8
          ],
          "texture": "#3"
        },
        "down": {
          "uv": [
            5.25,
            8.75,
            5,
            9.25
          ],
          "texture": "#3"
        }
      }
    },
    {
      "from": [
        6.8,
        27.7,
        8.1
      ],
      "to": [
        8.15,
        29,
        9
      ],
      "faces": {
        "north": {
          "uv": [
            5,
            13.25,
            5.25,
            13.5
          ],
          "texture": "#3"
        },
        "east": {
          "uv": [
            5.25,
            9.25,
            5.5,
            9.5
          ],
          "texture": "#3"
        },
        "south": {
          "uv": [
            5.25,
            13.25,
            5.5,
            13.5
          ],
          "texture": "#3"
        },
        "west": {
          "uv": [
            5,
            9.5,
            5.25,
            9.75
          ],
          "texture": "#3"
        },
        "up": {
          "uv": [
            5.25,
            10.25,
            5,
            9.75
          ],
          "texture": "#3"
        },
        "down": {
          "uv": [
            5.25,
            10.25,
            5,
            10.75
          ],
          "texture": "#3"
        }
      }
    },
    {
      "from": [
        6.7,
        27.7,
        9
      ],
      "to": [
        8.25,
        29,
        10
      ],
      "faces": {
        "north": {
          "uv": [
            5,
            13.25,
            5.25,
            13.5
          ],
          "texture": "#3"
        },
        "east": {
          "uv": [
            5,
            9.25,
            5.25,
            9.5
          ],
          "texture": "#3"
        },
        "south": {
          "uv": [
            5.25,
            13.25,
            5.5,
            13.5
          ],
          "texture": "#3"
        },
        "west": {
          "uv": [
            5.25,
            9.5,
            5.5,
            9.75
          ],
          "texture": "#3"
        },
        "up": {
          "uv": [
            5.25,
            10.25,
            5,
            9.75
          ],
          "texture": "#3"
        },
        "down": {
          "uv": [
            5.25,
            10.25,
            5,
            10.75
          ],
          "texture": "#3"
        }
      }
    },
    {
      "from": [
        6.8,
        26.7,
        8.8
      ],
      "to": [
        8.15,
        27.7,
        10
      ],
      "faces": {
        "north": {
          "uv": [
            0,
            13.5,
            0.25,
            13.75
          ],
          "texture": "#3"
        },
        "east": {
          "uv": [
            0.25,
            13.5,
            0.5,
            13.75
          ],
          "texture": "#3"
        },
        "south": {
          "uv": [
            0.5,
            13.5,
            0.75,
            13.75
          ],
          "texture": "#3"
        },
        "west": {
          "uv": [
            0.75,
            13.5,
            1,
            13.75
          ],
          "texture": "#3"
        },
        "up": {
          "uv": [
            5.75,
            9,
            5.5,
            8.75
          ],
          "texture": "#3"
        },
        "down": {
          "uv": [
            1.25,
            13.5,
            1,
            13.75
          ],
          "texture": "#3"
        }
      }
    },
    {
      "from": [
        6.8,
        25.7,
        9.2
      ],
      "to": [
        8.15,
        26.7,
        10
      ],
      "faces": {
        "north": {
          "uv": [
            5.5,
            9,
            5.75,
            9.25
          ],
          "texture": "#3"
        },
        "east": {
          "uv": [
            1.25,
            13.5,
            1.5,
            13.75
          ],
          "texture": "#3"
        },
        "south": {
          "uv": [
            5.5,
            9.25,
            5.75,
            9.5
          ],
          "texture": "#3"
        },
        "west": {
          "uv": [
            1.5,
            13.5,
            1.75,
            13.75
          ],
          "texture": "#3"
        },
        "up": {
          "uv": [
            5.75,
            9.75,
            5.5,
            9.5
          ],
          "texture": "#3"
        },
        "down": {
          "uv": [
            2,
            13.5,
            1.75,
            13.75
          ],
          "texture": "#3"
        }
      }
    },
    {
      "from": [
        6.8,
        28.9,
        6.8
      ],
      "to": [
        8.15,
        30.1,
        8.1
      ],
      "faces": {
        "north": {
          "uv": [
            3.5,
            13.25,
            3.75,
            13.5
          ],
          "texture": "#3"
        },
        "east": {
          "uv": [
            5.25,
            11.5,
            5.5,
            11.75
          ],
          "texture": "#3"
        },
        "south": {
          "uv": [
            3.75,
            13.25,
            4,
            13.5
          ],
          "texture": "#3"
        },
        "west": {
          "uv": [
            5.25,
            11.75,
            5.5,
            12
          ],
          "texture": "#3"
        },
        "up": {
          "uv": [
            4.25,
            13.5,
            4,
            13.25
          ],
          "texture": "#3"
        },
        "down": {
          "uv": [
            4.5,
            13.25,
            4.25,
            13.5
          ],
          "texture": "#3"
        }
      }
    },
    {
      "from": [
        6.4,
        30,
        12.5
      ],
      "to": [
        8.35,
        31.1,
        13.3
      ],
      "faces": {
        "north": {
          "uv": [
            0,
            13.25,
            0.5,
            13.5
          ],
          "texture": "#3"
        },
        "east": {
          "uv": [
            5.5,
            10.25,
            5.75,
            10.5
          ],
          "texture": "#3"
        },
        "south": {
          "uv": [
            5.25,
            8,
            5.75,
            8.25
          ],
          "texture": "#3"
        },
        "west": {
          "uv": [
            2.5,
            13.5,
            2.75,
            13.75
          ],
          "texture": "#3"
        },
        "up": {
          "uv": [
            5.75,
            8.5,
            5.25,
            8.25
          ],
          "texture": "#3"
        },
        "down": {
          "uv": [
            5.75,
            8.5,
            5.25,
            8.75
          ],
          "texture": "#3"
        }
      }
    },
    {
      "from": [
        8.1,
        22.2,
        11
      ],
      "to": [
        8.75,
        30,
        12
      ],
      "faces": {
        "north": {
          "uv": [
            2.75,
            10,
            3,
            12
          ],
          "texture": "#3"
        },
        "east": {
          "uv": [
            3,
            10,
            3.25,
            12
          ],
          "texture": "#3"
        },
        "south": {
          "uv": [
            3.25,
            8,
            3.5,
            10
          ],
          "texture": "#3"
        },
        "west": {
          "uv": [
            3.25,
            10,
            3.5,
            12
          ],
          "texture": "#3"
        },
        "up": {
          "uv": [
            5.5,
            10.25,
            5.25,
            10
          ],
          "texture": "#3"
        },
        "down": {
          "uv": [
            5.5,
            10.25,
            5.25,
            10.5
          ],
          "texture": "#3"
        }
      }
    },
    {
      "from": [
        8.1,
        22.4,
        10.4
      ],
      "to": [
        8.55,
        30,
        12.6
      ],
      "faces": {
        "north": {
          "uv": [
            3.5,
            8,
            3.75,
            10
          ],
          "texture": "#3"
        },
        "east": {
          "uv": [
            0.5,
            10.25,
            1,
            12.25
          ],
          "texture": "#3"
        },
        "south": {
          "uv": [
            1.5,
            11.5,
            1.75,
            13.5
          ],
          "texture": "#3"
        },
        "west": {
          "uv": [
            1,
            10.25,
            1.5,
            12.25
          ],
          "texture": "#3"
        },
        "up": {
          "uv": [
            4.75,
            10.75,
            4.5,
            10.25
          ],
          "texture": "#3"
        },
        "down": {
          "uv": [
            4.75,
            12.25,
            4.5,
            12.75
          ],
          "texture": "#3"
        }
      }
    },
    {
      "from": [
        6.2,
        22.2,
        11
      ],
      "to": [
        6.75,
        30,
        12
      ],
      "faces": {
        "north": {
          "uv": [
            1.75,
            11.5,
            2,
            13.5
          ],
          "texture": "#3"
        },
        "east": {
          "uv": [
            2,
            11.5,
            2.25,
            13.5
          ],
          "texture": "#3"
        },
        "south": {
          "uv": [
            3.5,
            10,
            3.75,
            12
          ],
          "texture": "#3"
        },
        "west": {
          "uv": [
            3.75,
            8,
            4,
            10
          ],
          "texture": "#3"
        },
        "up": {
          "uv": [
            5.75,
            10,
            5.5,
            9.75
          ],
          "texture": "#3"
        },
        "down": {
          "uv": [
            2.25,
            13.5,
            2,
            13.75
          ],
          "texture": "#3"
        }
      }
    },
    {
      "from": [
        6.3,
        22.4,
        10.4
      ],
      "to": [
        6.75,
        30,
        12.6
      ],
      "faces": {
        "north": {
          "uv": [
            3.75,
            10,
            4,
            12
          ],
          "texture": "#3"
        },
        "east": {
          "uv": [
            2.25,
            10.25,
            2.75,
            12.25
          ],
          "texture": "#3"
        },
        "south": {
          "uv": [
            4,
            8,
            4.25,
            10
          ],
          "texture": "#3"
        },
        "west": {
          "uv": [
            2.75,
            8,
            3.25,
            10
          ],
          "texture": "#3"
        },
        "up": {
          "uv": [
            5.25,
            11.25,
            5,
            10.75
          ],
          "texture": "#3"
        },
        "down": {
          "uv": [
            5.25,
            11.5,
            5,
            12
          ],
          "texture": "#3"
        }
      }
    },
    {
      "from": [
        6.4,
        30,
        9.8
      ],
      "to": [
        8.35,
        31.1,
        10.5
      ],
      "faces": {
        "north": {
          "uv": [
            5,
            12,
            5.5,
            12.25
          ],
          "texture": "#3"
        },
        "east": {
          "uv": [
            5.5,
            10,
            5.75,
            10.25
          ],
          "texture": "#3"
        },
        "south": {
          "uv": [
            5,
            12.25,
            5.5,
            12.5
          ],
          "texture": "#3"
        },
        "west": {
          "uv": [
            2.25,
            13.5,
            2.5,
            13.75
          ],
          "texture": "#3"
        },
        "up": {
          "uv": [
            5,
            13.25,
            4.5,
            13
          ],
          "texture": "#3"
        },
        "down": {
          "uv": [
            5.5,
            12.5,
            5,
            12.75
          ],
          "texture": "#3"
        }
      }
    }
  ],
  "display": {
    "thirdperson_righthand": {
      "rotation": [
        -8,
        -38,
        1.5
      ],
      "translation": [
        0.25,
        9.5,
        -1.75
      ],
      "scale": [
        1.25,
        1.25,
        1.25
      ]
    },
    "thirdperson_lefthand": {
      "rotation": [
        -11,
        0,
        0
      ],
      "translation": [
        -0.25,
        5.75,
        -2
      ]
    },
    "firstperson_righthand": {
      "rotation": [
        8,
        0,
        0
      ],
      "translation": [
        0,
        -6,
        0
      ]
    },
    "firstperson_lefthand": {
      "rotation": [
        8,
        0,
        0
      ],
      "translation": [
        0,
        -6,
        0
      ]
    },
    "ground": {
      "rotation": [
        85,
        101,
        -24
      ],
      "translation": [
        0,
        12.5,
        0
      ],
      "scale": [
        1.25,
        1.25,
        1.25
      ]
    },
    "gui": {
      "rotation": [
        -89.54,
        -45,
        -85.18
      ],
      "translation": [
        -0.25,
        -0.75,
        0
      ],
      "scale": [
        0.5,
        0.5,
        0.5
      ]
    },
    "head": {
      "rotation": [
        -21,
        75,
        -78
      ],
      "translation": [
        3.25,
        -5.25,
        6.25
      ]
    },
    "fixed": {
      "rotation": [
        -88.58,
        31.56,
        88.23
      ],
      "translation": [
        0,
        0,
        -3.25
      ]
    }
  }
}